dateStr,reading,type,abbr,bookCode,chapter,vStart,vEnd
1月1日,創世記 1,舊約,創 1,GEN,1,1,
1月1日,馬太福音 1:1-21,新約,太 1:1-21,MAT,1,1,21
1月1日,詩篇 1:1-12,詩篇,詩 1:1-12,PSA,1,1,12
1月1日,箴言 1:1-3,箴言,箴 1:1-3,PRO,1,1,3
1月2日,創世記 2,舊約,創 2,GEN,2,1,
1月2日,創世記 3,舊約,創 3,GEN,3,1,
1月2日,馬太福音 1:22-30,新約,太 1:22-30,MAT,1,22,30
1月2日,詩篇 1:13-24,詩篇,詩 1:13-24,PSA,1,13,24
1月2日,箴言 1:4-6,箴言,箴 1:4-6,PRO,1,4,6
1月3日,創世記 4,舊約,創 4,GEN,4,1,
1月3日,創世記 5,舊約,創 5,GEN,5,1,
1月3日,馬太福音 2:13-30,新約,太 2:13-30,MAT,2,13,30
1月3日,詩篇 1:25-30,詩篇,詩 1:25-30,PSA,1,25,30
1月3日,箴言 1:7-9,箴言,箴 1:7-9,PRO,1,7,9
1月4日,創世記 6,舊約,創 6,GEN,6,1,
1月4日,創世記 7,舊約,創 7,GEN,7,1,
1月4日,馬太福音 3:5-25,新約,太 3:5-25,MAT,3,5,25
1月4日,詩篇 2:7-19,詩篇,詩 2:7-19,PSA,2,7,19
1月4日,箴言 1:10-12,箴言,箴 1:10-12,PRO,1,10,12
1月5日,創世記 8,舊約,創 8,GEN,8,1,
1月5日,創世記 9,舊約,創 9,GEN,9,1,
1月5日,馬太福音 3:26-30,新約,太 3:26-30,MAT,3,26,30
1月5日,詩篇 2:20-30,詩篇,詩 2:20-30,PSA,2,20,30
1月5日,箴言 1:13-15,箴言,箴 1:13-15,PRO,1,13,15
1月6日,創世記 10,舊約,創 10,GEN,10,1,
1月6日,創世記 11,舊約,創 11,GEN,11,1,
1月6日,馬太福音 4:17-30,新約,太 4:17-30,MAT,4,17,30
1月6日,詩篇 3:2-13,詩篇,詩 3:2-13,PSA,3,2,13
1月6日,箴言 1:16-18,箴言,箴 1:16-18,PRO,1,16,18
1月7日,創世記 12,舊約,創 12,GEN,12,1,
1月7日,創世記 13,舊約,創 13,GEN,13,1,
1月7日,馬太福音 5:9-29,新約,太 5:9-29,MAT,5,9,29
1月7日,詩篇 3:14-26,詩篇,詩 3:14-26,PSA,3,14,26
1月7日,箴言 1:19-21,箴言,箴 1:19-21,PRO,1,19,21
1月8日,創世記 14,舊約,創 14,GEN,14,1,
1月8日,創世記 15,舊約,創 15,GEN,15,1,
1月8日,馬太福音 5:30-30,新約,太 5:30-30,MAT,5,30,30
1月8日,詩篇 3:27-30,詩篇,詩 3:27-30,PSA,3,27,30
1月8日,箴言 1:22-24,箴言,箴 1:22-24,PRO,1,22,24
1月9日,創世記 16,舊約,創 16,GEN,16,1,
1月9日,創世記 17,舊約,創 17,GEN,17,1,
1月9日,馬太福音 6:21-30,新約,太 6:21-30,MAT,6,21,30
1月9日,詩篇 4:9-20,詩篇,詩 4:9-20,PSA,4,9,20
1月9日,箴言 1:25-27,箴言,箴 1:25-27,PRO,1,25,27
1月10日,創世記 18,舊約,創 18,GEN,18,1,
1月10日,創世記 19,舊約,創 19,GEN,19,1,
1月10日,馬太福音 7:13-30,新約,太 7:13-30,MAT,7,13,30
1月10日,詩篇 4:21-30,詩篇,詩 4:21-30,PSA,4,21,30
1月10日,箴言 1:28-30,箴言,箴 1:28-30,PRO,1,28,30
1月11日,創世記 20,舊約,創 20,GEN,20,1,
1月11日,創世記 21,舊約,創 21,GEN,21,1,
1月11日,馬太福音 8:4-25,新約,太 8:4-25,MAT,8,4,25
1月11日,詩篇 5:4-15,詩篇,詩 5:4-15,PSA,5,4,15
1月11日,箴言 2:1-3,箴言,箴 2:1-3,PRO,2,1,3
1月12日,創世記 22,舊約,創 22,GEN,22,1,
1月12日,創世記 23,舊約,創 23,GEN,23,1,
1月12日,馬太福音 8:26-30,新約,太 8:26-30,MAT,8,26,30
1月12日,詩篇 5:16-27,詩篇,詩 5:16-27,PSA,5,16,27
1月12日,箴言 2:4-6,箴言,箴 2:4-6,PRO,2,4,6
1月13日,創世記 24,舊約,創 24,GEN,24,1,
1月13日,創世記 25,舊約,創 25,GEN,25,1,
1月13日,馬太福音 9:17-30,新約,太 9:17-30,MAT,9,17,30
1月13日,詩篇 5:28-30,詩篇,詩 5:28-30,PSA,5,28,30
1月13日,箴言 2:7-9,箴言,箴 2:7-9,PRO,2,7,9
1月14日,創世記 26,舊約,創 26,GEN,26,1,
1月14日,創世記 27,舊約,創 27,GEN,27,1,
1月14日,馬太福音 10:8-29,新約,太 10:8-29,MAT,10,8,29
1月14日,詩篇 6:11-22,詩篇,詩 6:11-22,PSA,6,11,22
1月14日,箴言 2:10-12,箴言,箴 2:10-12,PRO,2,10,12
1月15日,創世記 28,舊約,創 28,GEN,28,1,
1月15日,創世記 29,舊約,創 29,GEN,29,1,
1月15日,馬太福音 10:30-30,新約,太 10:30-30,MAT,10,30,30
1月15日,詩篇 6:23-30,詩篇,詩 6:23-30,PSA,6,23,30
1月15日,箴言 2:13-15,箴言,箴 2:13-15,PRO,2,13,15
1月16日,創世記 30,舊約,創 30,GEN,30,1,
1月16日,創世記 31,舊約,創 31,GEN,31,1,
1月16日,馬太福音 11:21-30,新約,太 11:21-30,MAT,11,21,30
1月16日,詩篇 7:5-17,詩篇,詩 7:5-17,PSA,7,5,17
1月16日,箴言 2:16-18,箴言,箴 2:16-18,PRO,2,16,18
1月17日,創世記 32,舊約,創 32,GEN,32,1,
1月17日,創世記 33,舊約,創 33,GEN,33,1,
1月17日,馬太福音 12:12-30,新約,太 12:12-30,MAT,12,12,30
1月17日,詩篇 7:18-29,詩篇,詩 7:18-29,PSA,7,18,29
1月17日,箴言 2:19-21,箴言,箴 2:19-21,PRO,2,19,21
1月18日,創世記 34,舊約,創 34,GEN,34,1,
1月18日,創世記 35,舊約,創 35,GEN,35,1,
1月18日,馬太福音 13:4-24,新約,太 13:4-24,MAT,13,4,24
1月18日,詩篇 7:30-30,詩篇,詩 7:30-30,PSA,7,30,30
1月18日,箴言 2:22-24,箴言,箴 2:22-24,PRO,2,22,24
1月19日,創世記 36,舊約,創 36,GEN,36,1,
1月19日,創世記 37,舊約,創 37,GEN,37,1,
1月19日,馬太福音 13:25-30,新約,太 13:25-30,MAT,13,25,30
1月19日,詩篇 8:12-24,詩篇,詩 8:12-24,PSA,8,12,24
1月19日,箴言 2:25-27,箴言,箴 2:25-27,PRO,2,25,27
1月20日,創世記 38,舊約,創 38,GEN,38,1,
1月20日,創世記 39,舊約,創 39,GEN,39,1,
1月20日,馬太福音 14:17-30,新約,太 14:17-30,MAT,14,17,30
1月20日,詩篇 8:25-30,詩篇,詩 8:25-30,PSA,8,25,30
1月20日,箴言 2:28-30,箴言,箴 2:28-30,PRO,2,28,30
1月21日,創世記 40,舊約,創 40,GEN,40,1,
1月21日,創世記 41,舊約,創 41,GEN,41,1,
1月21日,馬太福音 15:8-28,新約,太 15:8-28,MAT,15,8,28
1月21日,詩篇 9:7-18,詩篇,詩 9:7-18,PSA,9,7,18
1月21日,箴言 3:1-3,箴言,箴 3:1-3,PRO,3,1,3
1月22日,創世記 42,舊約,創 42,GEN,42,1,
1月22日,創世記 43,舊約,創 43,GEN,43,1,
1月22日,馬太福音 15:29-30,新約,太 15:29-30,MAT,15,29,30
1月22日,詩篇 9:19-30,詩篇,詩 9:19-30,PSA,9,19,30
1月22日,箴言 3:4-6,箴言,箴 3:4-6,PRO,3,4,6
1月23日,創世記 44,舊約,創 44,GEN,44,1,
1月23日,創世記 45,舊約,創 45,GEN,45,1,
1月23日,馬太福音 16:21-30,新約,太 16:21-30,MAT,16,21,30
1月23日,詩篇 10:2-13,詩篇,詩 10:2-13,PSA,10,2,13
1月23日,箴言 3:7-9,箴言,箴 3:7-9,PRO,3,7,9
1月24日,創世記 46,舊約,創 46,GEN,46,1,
1月24日,創世記 47,舊約,創 47,GEN,47,1,
1月24日,馬太福音 17:12-30,新約,太 17:12-30,MAT,17,12,30
1月24日,詩篇 10:14-25,詩篇,詩 10:14-25,PSA,10,14,25
1月24日,箴言 3:10-12,箴言,箴 3:10-12,PRO,3,10,12
1月25日,創世記 48,舊約,創 48,GEN,48,1,
1月25日,創世記 49,舊約,創 49,GEN,49,1,
1月25日,馬太福音 18:3-24,新約,太 18:3-24,MAT,18,3,24
1月25日,詩篇 10:26-30,詩篇,詩 10:26-30,PSA,10,26,30
1月25日,箴言 3:13-15,箴言,箴 3:13-15,PRO,3,13,15
1月26日,創世記 50,舊約,創 50,GEN,50,1,
1月26日,出埃及記 1,舊約,出 1,EXO,1,1,
1月26日,馬太福音 18:25-30,新約,太 18:25-30,MAT,18,25,30
1月26日,詩篇 11:9-20,詩篇,詩 11:9-20,PSA,11,9,20
1月26日,箴言 3:16-18,箴言,箴 3:16-18,PRO,3,16,18
1月27日,出埃及記 2,舊約,出 2,EXO,2,1,
1月27日,出埃及記 3,舊約,出 3,EXO,3,1,
1月27日,馬太福音 19:16-30,新約,太 19:16-30,MAT,19,16,30
1月27日,詩篇 11:21-30,詩篇,詩 11:21-30,PSA,11,21,30
1月27日,箴言 3:19-21,箴言,箴 3:19-21,PRO,3,19,21
1月28日,出埃及記 4,舊約,出 4,EXO,4,1,
1月28日,出埃及記 5,舊約,出 5,EXO,5,1,
1月28日,馬太福音 20:7-28,新約,太 20:7-28,MAT,20,7,28
1月28日,詩篇 12:3-15,詩篇,詩 12:3-15,PSA,12,3,15
1月28日,箴言 3:22-24,箴言,箴 3:22-24,PRO,3,22,24
1月29日,出埃及記 6,舊約,出 6,EXO,6,1,
1月29日,出埃及記 7,舊約,出 7,EXO,7,1,
1月29日,馬太福音 20:29-30,新約,太 20:29-30,MAT,20,29,30
1月29日,詩篇 12:16-27,詩篇,詩 12:16-27,PSA,12,16,27
1月29日,箴言 3:25-27,箴言,箴 3:25-27,PRO,3,25,27
1月30日,出埃及記 8,舊約,出 8,EXO,8,1,
1月30日,出埃及記 9,舊約,出 9,EXO,9,1,
1月30日,馬太福音 21:20-30,新約,太 21:20-30,MAT,21,20,30
1月30日,詩篇 12:28-30,詩篇,詩 12:28-30,PSA,12,28,30
1月30日,箴言 3:28-30,箴言,箴 3:28-30,PRO,3,28,30
1月31日,出埃及記 10,舊約,出 10,EXO,10,1,
1月31日,出埃及記 11,舊約,出 11,EXO,11,1,
1月31日,馬太福音 22:12-30,新約,太 22:12-30,MAT,22,12,30
1月31日,詩篇 13:10-22,詩篇,詩 13:10-22,PSA,13,10,22
1月31日,箴言 4:1-3,箴言,箴 4:1-3,PRO,4,1,3
2月1日,出埃及記 12,舊約,出 12,EXO,12,1,
2月1日,出埃及記 13,舊約,出 13,EXO,13,1,
2月1日,馬太福音 23:3-23,新約,太 23:3-23,MAT,23,3,23
2月1日,詩篇 13:23-30,詩篇,詩 13:23-30,PSA,13,23,30
2月1日,箴言 4:4-6,箴言,箴 4:4-6,PRO,4,4,6
2月2日,出埃及記 14,舊約,出 14,EXO,14,1,
2月2日,出埃及記 15,舊約,出 15,EXO,15,1,
2月2日,馬太福音 23:24-30,新約,太 23:24-30,MAT,23,24,30
2月2日,詩篇 14:5-16,詩篇,詩 14:5-16,PSA,14,5,16
2月2日,箴言 4:7-9,箴言,箴 4:7-9,PRO,4,7,9
2月3日,出埃及記 16,舊約,出 16,EXO,16,1,
2月3日,出埃及記 17,舊約,出 17,EXO,17,1,
2月3日,馬太福音 24:16-30,新約,太 24:16-30,MAT,24,16,30
2月3日,詩篇 14:17-29,詩篇,詩 14:17-29,PSA,14,17,29
2月3日,箴言 4:10-12,箴言,箴 4:10-12,PRO,4,10,12
2月4日,出埃及記 18,舊約,出 18,EXO,18,1,
2月4日,出埃及記 19,舊約,出 19,EXO,19,1,
2月4日,馬太福音 25:7-27,新約,太 25:7-27,MAT,25,7,27
2月4日,詩篇 14:30-30,詩篇,詩 14:30-30,PSA,14,30,30
2月4日,箴言 4:13-15,箴言,箴 4:13-15,PRO,4,13,15
2月5日,出埃及記 20,舊約,出 20,EXO,20,1,
2月5日,出埃及記 21,舊約,出 21,EXO,21,1,
2月5日,馬太福音 25:28-30,新約,太 25:28-30,MAT,25,28,30
2月5日,詩篇 15:12-23,詩篇,詩 15:12-23,PSA,15,12,23
2月5日,箴言 4:16-18,箴言,箴 4:16-18,PRO,4,16,18
2月6日,出埃及記 22,舊約,出 22,EXO,22,1,
2月6日,出埃及記 23,舊約,出 23,EXO,23,1,
2月6日,馬太福音 26:20-30,新約,太 26:20-30,MAT,26,20,30
2月6日,詩篇 15:24-30,詩篇,詩 15:24-30,PSA,15,24,30
2月6日,箴言 4:19-21,箴言,箴 4:19-21,PRO,4,19,21
2月7日,出埃及記 24,舊約,出 24,EXO,24,1,
2月7日,出埃及記 25,舊約,出 25,EXO,25,1,
2月7日,馬太福音 27:11-30,新約,太 27:11-30,MAT,27,11,30
2月7日,詩篇 16:7-18,詩篇,詩 16:7-18,PSA,16,7,18
2月7日,箴言 4:22-24,箴言,箴 4:22-24,PRO,4,22,24
2月8日,出埃及記 26,舊約,出 26,EXO,26,1,
2月8日,出埃及記 27,舊約,出 27,EXO,27,1,
2月8日,馬太福音 28:3-23,新約,太 28:3-23,MAT,28,3,23
2月8日,詩篇 16:19-30,詩篇,詩 16:19-30,PSA,16,19,30
2月8日,箴言 4:25-27,箴言,箴 4:25-27,PRO,4,25,27
2月9日,出埃及記 28,舊約,出 28,EXO,28,1,
2月9日,出埃及記 29,舊約,出 29,EXO,29,1,
2月9日,馬太福音 28:24-30,新約,太 28:24-30,MAT,28,24,30
2月9日,詩篇 17:1-13,詩篇,詩 17:1-13,PSA,17,1,13
2月9日,箴言 4:28-30,箴言,箴 4:28-30,PRO,4,28,30
2月10日,出埃及記 30,舊約,出 30,EXO,30,1,
2月10日,出埃及記 31,舊約,出 31,EXO,31,1,
2月10日,馬可福音 1:15-30,新約,可 1:15-30,MRK,1,15,30
2月10日,詩篇 17:14-25,詩篇,詩 17:14-25,PSA,17,14,25
2月10日,箴言 5:1-3,箴言,箴 5:1-3,PRO,5,1,3
2月11日,出埃及記 32,舊約,出 32,EXO,32,1,
2月11日,出埃及記 33,舊約,出 33,EXO,33,1,
2月11日,馬可福音 2:7-27,新約,可 2:7-27,MRK,2,7,27
2月11日,詩篇 17:26-30,詩篇,詩 17:26-30,PSA,17,26,30
2月11日,箴言 5:4-6,箴言,箴 5:4-6,PRO,5,4,6
2月12日,出埃及記 34,舊約,出 34,EXO,34,1,
2月12日,出埃及記 35,舊約,出 35,EXO,35,1,
2月12日,馬可福音 2:28-30,新約,可 2:28-30,MRK,2,28,30
2月12日,詩篇 18:8-20,詩篇,詩 18:8-20,PSA,18,8,20
2月12日,箴言 5:7-9,箴言,箴 5:7-9,PRO,5,7,9
2月13日,出埃及記 36,舊約,出 36,EXO,36,1,
2月13日,出埃及記 37,舊約,出 37,EXO,37,1,
2月13日,馬可福音 3:19-30,新約,可 3:19-30,MRK,3,19,30
2月13日,詩篇 18:21-30,詩篇,詩 18:21-30,PSA,18,21,30
2月13日,箴言 5:10-12,箴言,箴 5:10-12,PRO,5,10,12
2月14日,出埃及記 38,舊約,出 38,EXO,38,1,
2月14日,出埃及記 39,舊約,出 39,EXO,39,1,
2月14日,馬可福音 4:11-30,新約,可 4:11-30,MRK,4,11,30
2月14日,詩篇 19:3-14,詩篇,詩 19:3-14,PSA,19,3,14
2月14日,箴言 5:13-15,箴言,箴 5:13-15,PRO,5,13,15
2月15日,出埃及記 40,舊約,出 40,EXO,40,1,
2月15日,利未記 1,舊約,利 1,LEV,1,1,
2月15日,馬可福音 5:2-23,新約,可 5:2-23,MRK,5,2,23
2月15日,詩篇 19:15-27,詩篇,詩 19:15-27,PSA,19,15,27
2月15日,箴言 5:16-18,箴言,箴 5:16-18,PRO,5,16,18
2月16日,利未記 2,舊約,利 2,LEV,2,1,
2月16日,利未記 3,舊約,利 3,LEV,3,1,
2月16日,馬可福音 5:24-30,新約,可 5:24-30,MRK,5,24,30
2月16日,詩篇 19:28-30,詩篇,詩 19:28-30,PSA,19,28,30
2月16日,箴言 5:19-21,箴言,箴 5:19-21,PRO,5,19,21
2月17日,利未記 4,舊約,利 4,LEV,4,1,
2月17日,利未記 5,舊約,利 5,LEV,5,1,
2月17日,馬可福音 6:15-30,新約,可 6:15-30,MRK,6,15,30
2月17日,詩篇 20:10-21,詩篇,詩 20:10-21,PSA,20,10,21
2月17日,箴言 5:22-24,箴言,箴 5:22-24,PRO,5,22,24
2月18日,利未記 6,舊約,利 6,LEV,6,1,
2月18日,利未記 7,舊約,利 7,LEV,7,1,
2月18日,馬可福音 7:6-27,新約,可 7:6-27,MRK,7,6,27
2月18日,詩篇 20:22-30,詩篇,詩 20:22-30,PSA,20,22,30
2月18日,箴言 5:25-27,箴言,箴 5:25-27,PRO,5,25,27
2月19日,利未記 8,舊約,利 8,LEV,8,1,
2月19日,利未記 9,舊約,利 9,LEV,9,1,
2月19日,馬可福音 7:28-30,新約,可 7:28-30,MRK,7,28,30
2月19日,詩篇 21:5-16,詩篇,詩 21:5-16,PSA,21,5,16
2月19日,箴言 5:28-30,箴言,箴 5:28-30,PRO,5,28,30
2月20日,利未記 10,舊約,利 10,LEV,10,1,
2月20日,利未記 11,舊約,利 11,LEV,11,1,
2月20日,馬可福音 8:19-30,新約,可 8:19-30,MRK,8,19,30
2月20日,詩篇 21:17-28,詩篇,詩 21:17-28,PSA,21,17,28
2月20日,箴言 6:1-3,箴言,箴 6:1-3,PRO,6,1,3
2月21日,利未記 12,舊約,利 12,LEV,12,1,
2月21日,利未記 13,舊約,利 13,LEV,13,1,
2月21日,馬可福音 9:10-30,新約,可 9:10-30,MRK,9,10,30
2月21日,詩篇 21:29-30,詩篇,詩 21:29-30,PSA,21,29,30
2月21日,箴言 6:4-6,箴言,箴 6:4-6,PRO,6,4,6
2月22日,利未記 14,舊約,利 14,LEV,14,1,
2月22日,利未記 15,舊約,利 15,LEV,15,1,
2月22日,馬可福音 10:2-22,新約,可 10:2-22,MRK,10,2,22
2月22日,詩篇 22:12-23,詩篇,詩 22:12-23,PSA,22,12,23
2月22日,箴言 6:7-9,箴言,箴 6:7-9,PRO,6,7,9
2月23日,利未記 16,舊約,利 16,LEV,16,1,
2月23日,利未記 17,舊約,利 17,LEV,17,1,
2月23日,馬可福音 10:23-30,新約,可 10:23-30,MRK,10,23,30
2月23日,詩篇 22:24-30,詩篇,詩 22:24-30,PSA,22,24,30
2月23日,箴言 6:10-12,箴言,箴 6:10-12,PRO,6,10,12
2月24日,利未記 18,舊約,利 18,LEV,18,1,
2月24日,利未記 19,舊約,利 19,LEV,19,1,
2月24日,馬可福音 11:14-30,新約,可 11:14-30,MRK,11,14,30
2月24日,詩篇 23:6-18,詩篇,詩 23:6-18,PSA,23,6,18
2月24日,箴言 6:13-15,箴言,箴 6:13-15,PRO,6,13,15
2月25日,利未記 20,舊約,利 20,LEV,20,1,
2月25日,利未記 21,舊約,利 21,LEV,21,1,
2月25日,馬可福音 12:6-26,新約,可 12:6-26,MRK,12,6,26
2月25日,詩篇 23:19-30,詩篇,詩 23:19-30,PSA,23,19,30
2月25日,箴言 6:16-18,箴言,箴 6:16-18,PRO,6,16,18
2月26日,利未記 22,舊約,利 22,LEV,22,1,
2月26日,利未記 23,舊約,利 23,LEV,23,1,
2月26日,馬可福音 12:27-30,新約,可 12:27-30,MRK,12,27,30
2月26日,詩篇 24:1-12,詩篇,詩 24:1-12,PSA,24,1,12
2月26日,箴言 6:19-21,箴言,箴 6:19-21,PRO,6,19,21
2月27日,利未記 24,舊約,利 24,LEV,24,1,
2月27日,利未記 25,舊約,利 25,LEV,25,1,
2月27日,馬可福音 13:19-30,新約,可 13:19-30,MRK,13,19,30
2月27日,詩篇 24:13-25,詩篇,詩 24:13-25,PSA,24,13,25
2月27日,箴言 6:22-24,箴言,箴 6:22-24,PRO,6,22,24
2月28日,利未記 26,舊約,利 26,LEV,26,1,
2月28日,利未記 27,舊約,利 27,LEV,27,1,
2月28日,馬可福音 14:10-30,新約,可 14:10-30,MRK,14,10,30
2月28日,詩篇 24:26-30,詩篇,詩 24:26-30,PSA,24,26,30
2月28日,箴言 6:25-27,箴言,箴 6:25-27,PRO,6,25,27
3月1日,民數記 1,舊約,民 1,NUM,1,1,
3月1日,民數記 2,舊約,民 2,NUM,2,1,
3月1日,馬可福音 15:1-22,新約,可 15:1-22,MRK,15,1,22
3月1日,詩篇 25:8-19,詩篇,詩 25:8-19,PSA,25,8,19
3月1日,箴言 6:28-30,箴言,箴 6:28-30,PRO,6,28,30
3月2日,民數記 3,舊約,民 3,NUM,3,1,
3月2日,民數記 4,舊約,民 4,NUM,4,1,
3月2日,馬可福音 15:23-30,新約,可 15:23-30,MRK,15,23,30
3月2日,詩篇 25:20-30,詩篇,詩 25:20-30,PSA,25,20,30
3月2日,箴言 7:1-3,箴言,箴 7:1-3,PRO,7,1,3
3月3日,民數記 5,舊約,民 5,NUM,5,1,
3月3日,民數記 6,舊約,民 6,NUM,6,1,
3月3日,馬可福音 16:14-30,新約,可 16:14-30,MRK,16,14,30
3月3日,詩篇 26:3-14,詩篇,詩 26:3-14,PSA,26,3,14
3月3日,箴言 7:4-6,箴言,箴 7:4-6,PRO,7,4,6
3月4日,民數記 7,舊約,民 7,NUM,7,1,
3月4日,民數記 8,舊約,民 8,NUM,8,1,
3月4日,路加福音 1:5-26,新約,路 1:5-26,LUK,1,5,26
3月4日,詩篇 26:15-26,詩篇,詩 26:15-26,PSA,26,15,26
3月4日,箴言 7:7-9,箴言,箴 7:7-9,PRO,7,7,9
3月5日,民數記 9,舊約,民 9,NUM,9,1,
3月5日,民數記 10,舊約,民 10,NUM,10,1,
3月5日,路加福音 1:27-30,新約,路 1:27-30,LUK,1,27,30
3月5日,詩篇 26:27-30,詩篇,詩 26:27-30,PSA,26,27,30
3月5日,箴言 7:10-12,箴言,箴 7:10-12,PRO,7,10,12
3月6日,民數記 11,舊約,民 11,NUM,11,1,
3月6日,民數記 12,舊約,民 12,NUM,12,1,
3月6日,路加福音 2:18-30,新約,路 2:18-30,LUK,2,18,30
3月6日,詩篇 27:10-21,詩篇,詩 27:10-21,PSA,27,10,21
3月6日,箴言 7:13-15,箴言,箴 7:13-15,PRO,7,13,15
3月7日,民數記 13,舊約,民 13,NUM,13,1,
3月7日,民數記 14,舊約,民 14,NUM,14,1,
3月7日,路加福音 3:10-30,新約,路 3:10-30,LUK,3,10,30
3月7日,詩篇 27:22-30,詩篇,詩 27:22-30,PSA,27,22,30
3月7日,箴言 7:16-18,箴言,箴 7:16-18,PRO,7,16,18
3月8日,民數記 15,舊約,民 15,NUM,15,1,
3月8日,民數記 16,舊約,民 16,NUM,16,1,
3月8日,路加福音 4:1-21,新約,路 4:1-21,LUK,4,1,21
3月8日,詩篇 28:4-16,詩篇,詩 28:4-16,PSA,28,4,16
3月8日,箴言 7:19-21,箴言,箴 7:19-21,PRO,7,19,21
3月9日,民數記 17,舊約,民 17,NUM,17,1,
3月9日,民數記 18,舊約,民 18,NUM,18,1,
3月9日,路加福音 4:22-30,新約,路 4:22-30,LUK,4,22,30
3月9日,詩篇 28:17-28,詩篇,詩 28:17-28,PSA,28,17,28
3月9日,箴言 7:22-24,箴言,箴 7:22-24,PRO,7,22,24
3月10日,民數記 19,舊約,民 19,NUM,19,1,
3月10日,民數記 20,舊約,民 20,NUM,20,1,
3月10日,路加福音 5:14-30,新約,路 5:14-30,LUK,5,14,30
3月10日,詩篇 28:29-30,詩篇,詩 28:29-30,PSA,28,29,30
3月10日,箴言 7:25-27,箴言,箴 7:25-27,PRO,7,25,27
3月11日,民數記 21,舊約,民 21,NUM,21,1,
3月11日,民數記 22,舊約,民 22,NUM,22,1,
3月11日,路加福音 6:5-25,新約,路 6:5-25,LUK,6,5,25
3月11日,詩篇 29:11-23,詩篇,詩 29:11-23,PSA,29,11,23
3月11日,箴言 7:28-30,箴言,箴 7:28-30,PRO,7,28,30
3月12日,民數記 23,舊約,民 23,NUM,23,1,
3月12日,民數記 24,舊約,民 24,NUM,24,1,
3月12日,路加福音 6:26-30,新約,路 6:26-30,LUK,6,26,30
3月12日,詩篇 29:24-30,詩篇,詩 29:24-30,PSA,29,24,30
3月12日,箴言 8:1-3,箴言,箴 8:1-3,PRO,8,1,3
3月13日,民數記 25,舊約,民 25,NUM,25,1,
3月13日,民數記 26,舊約,民 26,NUM,26,1,
3月13日,路加福音 7:18-30,新約,路 7:18-30,LUK,7,18,30
3月13日,詩篇 30:6-17,詩篇,詩 30:6-17,PSA,30,6,17
3月13日,箴言 8:4-6,箴言,箴 8:4-6,PRO,8,4,6
3月14日,民數記 27,舊約,民 27,NUM,27,1,
3月14日,民數記 28,舊約,民 28,NUM,28,1,
3月14日,路加福音 8:9-30,新約,路 8:9-30,LUK,8,9,30
3月14日,詩篇 30:18-30,詩篇,詩 30:18-30,PSA,30,18,30
3月14日,箴言 8:7-9,箴言,箴 8:7-9,PRO,8,7,9
3月15日,民數記 29,舊約,民 29,NUM,29,1,
3月15日,民數記 30,舊約,民 30,NUM,30,1,
3月15日,路加福音 9:1-21,新約,路 9:1-21,LUK,9,1,21
3月15日,詩篇 31:1-12,詩篇,詩 31:1-12,PSA,31,1,12
3月15日,箴言 8:10-12,箴言,箴 8:10-12,PRO,8,10,12
3月16日,民數記 31,舊約,民 31,NUM,31,1,
3月16日,民數記 32,舊約,民 32,NUM,32,1,
3月16日,路加福音 9:22-30,新約,路 9:22-30,LUK,9,22,30
3月16日,詩篇 31:13-24,詩篇,詩 31:13-24,PSA,31,13,24
3月16日,箴言 8:13-15,箴言,箴 8:13-15,PRO,8,13,15
3月17日,民數記 33,舊約,民 33,NUM,33,1,
3月17日,民數記 34,舊約,民 34,NUM,34,1,
3月17日,路加福音 10:13-30,新約,路 10:13-30,LUK,10,13,30
3月17日,詩篇 31:25-30,詩篇,詩 31:25-30,PSA,31,25,30
3月17日,箴言 8:16-18,箴言,箴 8:16-18,PRO,8,16,18
3月18日,民數記 35,舊約,民 35,NUM,35,1,
3月18日,民數記 36,舊約,民 36,NUM,36,1,
3月18日,路加福音 11:5-25,新約,路 11:5-25,LUK,11,5,25
3月18日,詩篇 32:7-19,詩篇,詩 32:7-19,PSA,32,7,19
3月18日,箴言 8:19-21,箴言,箴 8:19-21,PRO,8,19,21
3月19日,申命記 1,舊約,申 1,DEU,1,1,
3月19日,申命記 2,舊約,申 2,DEU,2,1,
3月19日,路加福音 11:26-30,新約,路 11:26-30,LUK,11,26,30
3月19日,詩篇 32:20-30,詩篇,詩 32:20-30,PSA,32,20,30
3月19日,箴言 8:22-24,箴言,箴 8:22-24,PRO,8,22,24
3月20日,申命記 3,舊約,申 3,DEU,3,1,
3月20日,申命記 4,舊約,申 4,DEU,4,1,
3月20日,路加福音 12:17-30,新約,路 12:17-30,LUK,12,17,30
3月20日,詩篇 33:2-13,詩篇,詩 33:2-13,PSA,33,2,13
3月20日,箴言 8:25-27,箴言,箴 8:25-27,PRO,8,25,27
3月21日,申命記 5,舊約,申 5,DEU,5,1,
3月21日,申命記 6,舊約,申 6,DEU,6,1,
3月21日,路加福音 13:9-29,新約,路 13:9-29,LUK,13,9,29
3月21日,詩篇 33:14-26,詩篇,詩 33:14-26,PSA,33,14,26
3月21日,箴言 8:28-30,箴言,箴 8:28-30,PRO,8,28,30
3月22日,申命記 7,舊約,申 7,DEU,7,1,
3月22日,申命記 8,舊約,申 8,DEU,8,1,
3月22日,路加福音 13:30-30,新約,路 13:30-30,LUK,13,30,30
3月22日,詩篇 33:27-30,詩篇,詩 33:27-30,PSA,33,27,30
3月22日,箴言 9:1-3,箴言,箴 9:1-3,PRO,9,1,3
3月23日,申命記 9,舊約,申 9,DEU,9,1,
3月23日,申命記 10,舊約,申 10,DEU,10,1,
3月23日,路加福音 14:21-30,新約,路 14:21-30,LUK,14,21,30
3月23日,詩篇 34:9-20,詩篇,詩 34:9-20,PSA,34,9,20
3月23日,箴言 9:4-6,箴言,箴 9:4-6,PRO,9,4,6
3月24日,申命記 11,舊約,申 11,DEU,11,1,
3月24日,申命記 12,舊約,申 12,DEU,12,1,
3月24日,路加福音 15:13-30,新約,路 15:13-30,LUK,15,13,30
3月24日,詩篇 34:21-30,詩篇,詩 34:21-30,PSA,34,21,30
3月24日,箴言 9:7-9,箴言,箴 9:7-9,PRO,9,7,9
3月25日,申命記 13,舊約,申 13,DEU,13,1,
3月25日,申命記 14,舊約,申 14,DEU,14,1,
3月25日,路加福音 16:4-25,新約,路 16:4-25,LUK,16,4,25
3月25日,詩篇 35:4-15,詩篇,詩 35:4-15,PSA,35,4,15
3月25日,箴言 9:10-12,箴言,箴 9:10-12,PRO,9,10,12
3月26日,申命記 15,舊約,申 15,DEU,15,1,
3月26日,申命記 16,舊約,申 16,DEU,16,1,
3月26日,路加福音 16:26-30,新約,路 16:26-30,LUK,16,26,30
3月26日,詩篇 35:16-27,詩篇,詩 35:16-27,PSA,35,16,27
3月26日,箴言 9:13-15,箴言,箴 9:13-15,PRO,9,13,15
3月27日,申命記 17,舊約,申 17,DEU,17,1,
3月27日,申命記 18,舊約,申 18,DEU,18,1,
3月27日,路加福音 17:17-30,新約,路 17:17-30,LUK,17,17,30
3月27日,詩篇 35:28-30,詩篇,詩 35:28-30,PSA,35,28,30
3月27日,箴言 9:16-18,箴言,箴 9:16-18,PRO,9,16,18
3月28日,申命記 19,舊約,申 19,DEU,19,1,
3月28日,申命記 20,舊約,申 20,DEU,20,1,
3月28日,路加福音 18:8-29,新約,路 18:8-29,LUK,18,8,29
3月28日,詩篇 36:11-22,詩篇,詩 36:11-22,PSA,36,11,22
3月28日,箴言 9:19-21,箴言,箴 9:19-21,PRO,9,19,21
3月29日,申命記 21,舊約,申 21,DEU,21,1,
3月29日,申命記 22,舊約,申 22,DEU,22,1,
3月29日,路加福音 18:30-30,新約,路 18:30-30,LUK,18,30,30
3月29日,詩篇 36:23-30,詩篇,詩 36:23-30,PSA,36,23,30
3月29日,箴言 9:22-24,箴言,箴 9:22-24,PRO,9,22,24
3月30日,申命記 23,舊約,申 23,DEU,23,1,
3月30日,申命記 24,舊約,申 24,DEU,24,1,
3月30日,路加福音 19:21-30,新約,路 19:21-30,LUK,19,21,30
3月30日,詩篇 37:5-17,詩篇,詩 37:5-17,PSA,37,5,17
3月30日,箴言 9:25-27,箴言,箴 9:25-27,PRO,9,25,27
3月31日,申命記 25,舊約,申 25,DEU,25,1,
3月31日,申命記 26,舊約,申 26,DEU,26,1,
3月31日,路加福音 20:12-30,新約,路 20:12-30,LUK,20,12,30
3月31日,詩篇 37:18-29,詩篇,詩 37:18-29,PSA,37,18,29
3月31日,箴言 9:28-30,箴言,箴 9:28-30,PRO,9,28,30
4月1日,申命記 27,舊約,申 27,DEU,27,1,
4月1日,申命記 28,舊約,申 28,DEU,28,1,
4月1日,路加福音 21:4-24,新約,路 21:4-24,LUK,21,4,24
4月1日,詩篇 37:30-30,詩篇,詩 37:30-30,PSA,37,30,30
4月1日,箴言 10:1-3,箴言,箴 10:1-3,PRO,10,1,3
4月2日,申命記 29,舊約,申 29,DEU,29,1,
4月2日,申命記 30,舊約,申 30,DEU,30,1,
4月2日,路加福音 21:25-30,新約,路 21:25-30,LUK,21,25,30
4月2日,詩篇 38:12-24,詩篇,詩 38:12-24,PSA,38,12,24
4月2日,箴言 10:4-6,箴言,箴 10:4-6,PRO,10,4,6
4月3日,申命記 31,舊約,申 31,DEU,31,1,
4月3日,申命記 32,舊約,申 32,DEU,32,1,
4月3日,路加福音 22:17-30,新約,路 22:17-30,LUK,22,17,30
4月3日,詩篇 38:25-30,詩篇,詩 38:25-30,PSA,38,25,30
4月3日,箴言 10:7-9,箴言,箴 10:7-9,PRO,10,7,9
4月4日,申命記 33,舊約,申 33,DEU,33,1,
4月4日,申命記 34,舊約,申 34,DEU,34,1,
4月4日,路加福音 23:8-28,新約,路 23:8-28,LUK,23,8,28
4月4日,詩篇 39:7-18,詩篇,詩 39:7-18,PSA,39,7,18
4月4日,箴言 10:10-12,箴言,箴 10:10-12,PRO,10,10,12
4月5日,約書亞記 1,舊約,約 1,JOS,1,1,
4月5日,約書亞記 2,舊約,約 2,JOS,2,1,
4月5日,路加福音 23:29-30,新約,路 23:29-30,LUK,23,29,30
4月5日,詩篇 39:19-30,詩篇,詩 39:19-30,PSA,39,19,30
4月5日,箴言 10:13-15,箴言,箴 10:13-15,PRO,10,13,15
4月6日,約書亞記 3,舊約,約 3,JOS,3,1,
4月6日,約書亞記 4,舊約,約 4,JOS,4,1,
4月6日,路加福音 24:21-30,新約,路 24:21-30,LUK,24,21,30
4月6日,詩篇 40:2-13,詩篇,詩 40:2-13,PSA,40,2,13
4月6日,箴言 10:16-18,箴言,箴 10:16-18,PRO,10,16,18
4月7日,約書亞記 5,舊約,約 5,JOS,5,1,
4月7日,約書亞記 6,舊約,約 6,JOS,6,1,
4月7日,約翰福音 1:12-30,新約,約 1:12-30,JHN,1,12,30
4月7日,詩篇 40:14-25,詩篇,詩 40:14-25,PSA,40,14,25
4月7日,箴言 10:19-21,箴言,箴 10:19-21,PRO,10,19,21
4月8日,約書亞記 7,舊約,約 7,JOS,7,1,
4月8日,約書亞記 8,舊約,約 8,JOS,8,1,
4月8日,約翰福音 2:3-24,新約,約 2:3-24,JHN,2,3,24
4月8日,詩篇 40:26-30,詩篇,詩 40:26-30,PSA,40,26,30
4月8日,箴言 10:22-24,箴言,箴 10:22-24,PRO,10,22,24
4月9日,約書亞記 9,舊約,約 9,JOS,9,1,
4月9日,約書亞記 10,舊約,約 10,JOS,10,1,
4月9日,約翰福音 2:25-30,新約,約 2:25-30,JHN,2,25,30
4月9日,詩篇 41:9-20,詩篇,詩 41:9-20,PSA,41,9,20
4月9日,箴言 10:25-27,箴言,箴 10:25-27,PRO,10,25,27
4月10日,約書亞記 11,舊約,約 11,JOS,11,1,
4月10日,約書亞記 12,舊約,約 12,JOS,12,1,
4月10日,約翰福音 3:16-30,新約,約 3:16-30,JHN,3,16,30
4月10日,詩篇 41:21-30,詩篇,詩 41:21-30,PSA,41,21,30
4月10日,箴言 10:28-30,箴言,箴 10:28-30,PRO,10,28,30
4月11日,約書亞記 13,舊約,約 13,JOS,13,1,
4月11日,約書亞記 14,舊約,約 14,JOS,14,1,
4月11日,約翰福音 4:7-28,新約,約 4:7-28,JHN,4,7,28
4月11日,詩篇 42:3-15,詩篇,詩 42:3-15,PSA,42,3,15
4月11日,箴言 11:1-3,箴言,箴 11:1-3,PRO,11,1,3
4月12日,約書亞記 15,舊約,約 15,JOS,15,1,
4月12日,約書亞記 16,舊約,約 16,JOS,16,1,
4月12日,約翰福音 4:29-30,新約,約 4:29-30,JHN,4,29,30
4月12日,詩篇 42:16-27,詩篇,詩 42:16-27,PSA,42,16,27
4月12日,箴言 11:4-6,箴言,箴 11:4-6,PRO,11,4,6
4月13日,約書亞記 17,舊約,約 17,JOS,17,1,
4月13日,約書亞記 18,舊約,約 18,JOS,18,1,
4月13日,約翰福音 5:20-30,新約,約 5:20-30,JHN,5,20,30
4月13日,詩篇 42:28-30,詩篇,詩 42:28-30,PSA,42,28,30
4月13日,箴言 11:7-9,箴言,箴 11:7-9,PRO,11,7,9
4月14日,約書亞記 19,舊約,約 19,JOS,19,1,
4月14日,約書亞記 20,舊約,約 20,JOS,20,1,
4月14日,約翰福音 6:12-30,新約,約 6:12-30,JHN,6,12,30
4月14日,詩篇 43:10-22,詩篇,詩 43:10-22,PSA,43,10,22
4月14日,箴言 11:10-12,箴言,箴 11:10-12,PRO,11,10,12
4月15日,約書亞記 21,舊約,約 21,JOS,21,1,
4月15日,約書亞記 22,舊約,約 22,JOS,22,1,
4月15日,約翰福音 7:3-23,新約,約 7:3-23,JHN,7,3,23
4月15日,詩篇 43:23-30,詩篇,詩 43:23-30,PSA,43,23,30
4月15日,箴言 11:13-15,箴言,箴 11:13-15,PRO,11,13,15
4月16日,約書亞記 23,舊約,約 23,JOS,23,1,
4月16日,約書亞記 24,舊約,約 24,JOS,24,1,
4月16日,約翰福音 7:24-30,新約,約 7:24-30,JHN,7,24,30
4月16日,詩篇 44:5-16,詩篇,詩 44:5-16,PSA,44,5,16
4月16日,箴言 11:16-18,箴言,箴 11:16-18,PRO,11,16,18
4月17日,士師記 1,舊約,士 1,JDG,1,1,
4月17日,士師記 2,舊約,士 2,JDG,2,1,
4月17日,約翰福音 8:16-30,新約,約 8:16-30,JHN,8,16,30
4月17日,詩篇 44:17-29,詩篇,詩 44:17-29,PSA,44,17,29
4月17日,箴言 11:19-21,箴言,箴 11:19-21,PRO,11,19,21
4月18日,士師記 3,舊約,士 3,JDG,3,1,
4月18日,士師記 4,舊約,士 4,JDG,4,1,
4月18日,約翰福音 9:7-27,新約,約 9:7-27,JHN,9,7,27
4月18日,詩篇 44:30-30,詩篇,詩 44:30-30,PSA,44,30,30
4月18日,箴言 11:22-24,箴言,箴 11:22-24,PRO,11,22,24
4月19日,士師記 5,舊約,士 5,JDG,5,1,
4月19日,士師記 6,舊約,士 6,JDG,6,1,
4月19日,約翰福音 9:28-30,新約,約 9:28-30,JHN,9,28,30
4月19日,詩篇 45:12-23,詩篇,詩 45:12-23,PSA,45,12,23
4月19日,箴言 11:25-27,箴言,箴 11:25-27,PRO,11,25,27
4月20日,士師記 7,舊約,士 7,JDG,7,1,
4月20日,士師記 8,舊約,士 8,JDG,8,1,
4月20日,約翰福音 10:20-30,新約,約 10:20-30,JHN,10,20,30
4月20日,詩篇 45:24-30,詩篇,詩 45:24-30,PSA,45,24,30
4月20日,箴言 11:28-30,箴言,箴 11:28-30,PRO,11,28,30
4月21日,士師記 9,舊約,士 9,JDG,9,1,
4月21日,士師記 10,舊約,士 10,JDG,10,1,
4月21日,約翰福音 11:11-30,新約,約 11:11-30,JHN,11,11,30
4月21日,詩篇 46:7-18,詩篇,詩 46:7-18,PSA,46,7,18
4月21日,箴言 12:1-3,箴言,箴 12:1-3,PRO,12,1,3
4月22日,士師記 11,舊約,士 11,JDG,11,1,
4月22日,士師記 12,舊約,士 12,JDG,12,1,
4月22日,約翰福音 12:3-23,新約,約 12:3-23,JHN,12,3,23
4月22日,詩篇 46:19-30,詩篇,詩 46:19-30,PSA,46,19,30
4月22日,箴言 12:4-6,箴言,箴 12:4-6,PRO,12,4,6
4月23日,士師記 13,舊約,士 13,JDG,13,1,
4月23日,士師記 14,舊約,士 14,JDG,14,1,
4月23日,約翰福音 12:24-30,新約,約 12:24-30,JHN,12,24,30
4月23日,詩篇 47:1-13,詩篇,詩 47:1-13,PSA,47,1,13
4月23日,箴言 12:7-9,箴言,箴 12:7-9,PRO,12,7,9
4月24日,士師記 15,舊約,士 15,JDG,15,1,
4月24日,士師記 16,舊約,士 16,JDG,16,1,
4月24日,約翰福音 13:15-30,新約,約 13:15-30,JHN,13,15,30
4月24日,詩篇 47:14-25,詩篇,詩 47:14-25,PSA,47,14,25
4月24日,箴言 12:10-12,箴言,箴 12:10-12,PRO,12,10,12
4月25日,士師記 17,舊約,士 17,JDG,17,1,
4月25日,士師記 18,舊約,士 18,JDG,18,1,
4月25日,約翰福音 14:7-27,新約,約 14:7-27,JHN,14,7,27
4月25日,詩篇 47:26-30,詩篇,詩 47:26-30,PSA,47,26,30
4月25日,箴言 12:13-15,箴言,箴 12:13-15,PRO,12,13,15
4月26日,士師記 19,舊約,士 19,JDG,19,1,
4月26日,士師記 20,舊約,士 20,JDG,20,1,
4月26日,約翰福音 14:28-30,新約,約 14:28-30,JHN,14,28,30
4月26日,詩篇 48:8-20,詩篇,詩 48:8-20,PSA,48,8,20
4月26日,箴言 12:16-18,箴言,箴 12:16-18,PRO,12,16,18
4月27日,士師記 21,舊約,士 21,JDG,21,1,
4月27日,路得記 1,舊約,路 1,RUT,1,1,
4月27日,約翰福音 15:19-30,新約,約 15:19-30,JHN,15,19,30
4月27日,詩篇 48:21-30,詩篇,詩 48:21-30,PSA,48,21,30
4月27日,箴言 12:19-21,箴言,箴 12:19-21,PRO,12,19,21
4月28日,路得記 2,舊約,路 2,RUT,2,1,
4月28日,路得記 3,舊約,路 3,RUT,3,1,
4月28日,約翰福音 16:11-30,新約,約 16:11-30,JHN,16,11,30
4月28日,詩篇 49:3-14,詩篇,詩 49:3-14,PSA,49,3,14
4月28日,箴言 12:22-24,箴言,箴 12:22-24,PRO,12,22,24
4月29日,路得記 4,舊約,路 4,RUT,4,1,
4月29日,撒母耳記上 1,舊約,撒上 1,1SA,1,1,
4月29日,約翰福音 17:2-23,新約,約 17:2-23,JHN,17,2,23
4月29日,詩篇 49:15-27,詩篇,詩 49:15-27,PSA,49,15,27
4月29日,箴言 12:25-27,箴言,箴 12:25-27,PRO,12,25,27
4月30日,撒母耳記上 2,舊約,撒上 2,1SA,2,1,
4月30日,撒母耳記上 3,舊約,撒上 3,1SA,3,1,
4月30日,約翰福音 17:24-30,新約,約 17:24-30,JHN,17,24,30
4月30日,詩篇 49:28-30,詩篇,詩 49:28-30,PSA,49,28,30
4月30日,箴言 12:28-30,箴言,箴 12:28-30,PRO,12,28,30
5月1日,撒母耳記上 4,舊約,撒上 4,1SA,4,1,
5月1日,撒母耳記上 5,舊約,撒上 5,1SA,5,1,
5月1日,約翰福音 18:15-30,新約,約 18:15-30,JHN,18,15,30
5月1日,詩篇 50:10-21,詩篇,詩 50:10-21,PSA,50,10,21
5月1日,箴言 13:1-3,箴言,箴 13:1-3,PRO,13,1,3
5月2日,撒母耳記上 6,舊約,撒上 6,1SA,6,1,
5月2日,撒母耳記上 7,舊約,撒上 7,1SA,7,1,
5月2日,約翰福音 19:6-27,新約,約 19:6-27,JHN,19,6,27
5月2日,詩篇 50:22-30,詩篇,詩 50:22-30,PSA,50,22,30
5月2日,箴言 13:4-6,箴言,箴 13:4-6,PRO,13,4,6
5月3日,撒母耳記上 8,舊約,撒上 8,1SA,8,1,
5月3日,撒母耳記上 9,舊約,撒上 9,1SA,9,1,
5月3日,約翰福音 19:28-30,新約,約 19:28-30,JHN,19,28,30
5月3日,詩篇 51:5-16,詩篇,詩 51:5-16,PSA,51,5,16
5月3日,箴言 13:7-9,箴言,箴 13:7-9,PRO,13,7,9
5月4日,撒母耳記上 10,舊約,撒上 10,1SA,10,1,
5月4日,撒母耳記上 11,舊約,撒上 11,1SA,11,1,
5月4日,約翰福音 20:19-30,新約,約 20:19-30,JHN,20,19,30
5月4日,詩篇 51:17-28,詩篇,詩 51:17-28,PSA,51,17,28
5月4日,箴言 13:10-12,箴言,箴 13:10-12,PRO,13,10,12
5月5日,撒母耳記上 12,舊約,撒上 12,1SA,12,1,
5月5日,撒母耳記上 13,舊約,撒上 13,1SA,13,1,
5月5日,約翰福音 21:10-30,新約,約 21:10-30,JHN,21,10,30
5月5日,詩篇 51:29-30,詩篇,詩 51:29-30,PSA,51,29,30
5月5日,箴言 13:13-15,箴言,箴 13:13-15,PRO,13,13,15
5月6日,撒母耳記上 14,舊約,撒上 14,1SA,14,1,
5月6日,撒母耳記上 15,舊約,撒上 15,1SA,15,1,
5月6日,使徒行傳 1:2-22,新約,徒 1:2-22,ACT,1,2,22
5月6日,詩篇 52:12-23,詩篇,詩 52:12-23,PSA,52,12,23
5月6日,箴言 13:16-18,箴言,箴 13:16-18,PRO,13,16,18
5月7日,撒母耳記上 16,舊約,撒上 16,1SA,16,1,
5月7日,撒母耳記上 17,舊約,撒上 17,1SA,17,1,
5月7日,使徒行傳 1:23-30,新約,徒 1:23-30,ACT,1,23,30
5月7日,詩篇 52:24-30,詩篇,詩 52:24-30,PSA,52,24,30
5月7日,箴言 13:19-21,箴言,箴 13:19-21,PRO,13,19,21
5月8日,撒母耳記上 18,舊約,撒上 18,1SA,18,1,
5月8日,撒母耳記上 19,舊約,撒上 19,1SA,19,1,
5月8日,使徒行傳 2:14-30,新約,徒 2:14-30,ACT,2,14,30
5月8日,詩篇 53:6-18,詩篇,詩 53:6-18,PSA,53,6,18
5月8日,箴言 13:22-24,箴言,箴 13:22-24,PRO,13,22,24
5月9日,撒母耳記上 20,舊約,撒上 20,1SA,20,1,
5月9日,撒母耳記上 21,舊約,撒上 21,1SA,21,1,
5月9日,使徒行傳 3:6-26,新約,徒 3:6-26,ACT,3,6,26
5月9日,詩篇 53:19-30,詩篇,詩 53:19-30,PSA,53,19,30
5月9日,箴言 13:25-27,箴言,箴 13:25-27,PRO,13,25,27
5月10日,撒母耳記上 22,舊約,撒上 22,1SA,22,1,
5月10日,撒母耳記上 23,舊約,撒上 23,1SA,23,1,
5月10日,使徒行傳 3:27-30,新約,徒 3:27-30,ACT,3,27,30
5月10日,詩篇 54:1-12,詩篇,詩 54:1-12,PSA,54,1,12
5月10日,箴言 13:28-30,箴言,箴 13:28-30,PRO,13,28,30
5月11日,撒母耳記上 24,舊約,撒上 24,1SA,24,1,
5月11日,撒母耳記上 25,舊約,撒上 25,1SA,25,1,
5月11日,使徒行傳 4:19-30,新約,徒 4:19-30,ACT,4,19,30
5月11日,詩篇 54:13-25,詩篇,詩 54:13-25,PSA,54,13,25
5月11日,箴言 14:1-3,箴言,箴 14:1-3,PRO,14,1,3
5月12日,撒母耳記上 26,舊約,撒上 26,1SA,26,1,
5月12日,撒母耳記上 27,舊約,撒上 27,1SA,27,1,
5月12日,使徒行傳 5:10-30,新約,徒 5:10-30,ACT,5,10,30
5月12日,詩篇 54:26-30,詩篇,詩 54:26-30,PSA,54,26,30
5月12日,箴言 14:4-6,箴言,箴 14:4-6,PRO,14,4,6
5月13日,撒母耳記上 28,舊約,撒上 28,1SA,28,1,
5月13日,撒母耳記上 29,舊約,撒上 29,1SA,29,1,
5月13日,使徒行傳 6:1-22,新約,徒 6:1-22,ACT,6,1,22
5月13日,詩篇 55:8-19,詩篇,詩 55:8-19,PSA,55,8,19
5月13日,箴言 14:7-9,箴言,箴 14:7-9,PRO,14,7,9
5月14日,撒母耳記上 30,舊約,撒上 30,1SA,30,1,
5月14日,撒母耳記上 31,舊約,撒上 31,1SA,31,1,
5月14日,使徒行傳 6:23-30,新約,徒 6:23-30,ACT,6,23,30
5月14日,詩篇 55:20-30,詩篇,詩 55:20-30,PSA,55,20,30
5月14日,箴言 14:10-12,箴言,箴 14:10-12,PRO,14,10,12
5月15日,撒母耳記下 1,舊約,撒下 1,2SA,1,1,
5月15日,撒母耳記下 2,舊約,撒下 2,2SA,2,1,
5月15日,使徒行傳 7:14-30,新約,徒 7:14-30,ACT,7,14,30
5月15日,詩篇 56:3-14,詩篇,詩 56:3-14,PSA,56,3,14
5月15日,箴言 14:13-15,箴言,箴 14:13-15,PRO,14,13,15
5月16日,撒母耳記下 3,舊約,撒下 3,2SA,3,1,
5月16日,撒母耳記下 4,舊約,撒下 4,2SA,4,1,
5月16日,使徒行傳 8:5-26,新約,徒 8:5-26,ACT,8,5,26
5月16日,詩篇 56:15-26,詩篇,詩 56:15-26,PSA,56,15,26
5月16日,箴言 14:16-18,箴言,箴 14:16-18,PRO,14,16,18
5月17日,撒母耳記下 5,舊約,撒下 5,2SA,5,1,
5月17日,撒母耳記下 6,舊約,撒下 6,2SA,6,1,
5月17日,使徒行傳 8:27-30,新約,徒 8:27-30,ACT,8,27,30
5月17日,詩篇 56:27-30,詩篇,詩 56:27-30,PSA,56,27,30
5月17日,箴言 14:19-21,箴言,箴 14:19-21,PRO,14,19,21
5月18日,撒母耳記下 7,舊約,撒下 7,2SA,7,1,
5月18日,撒母耳記下 8,舊約,撒下 8,2SA,8,1,
5月18日,使徒行傳 9:18-30,新約,徒 9:18-30,ACT,9,18,30
5月18日,詩篇 57:10-21,詩篇,詩 57:10-21,PSA,57,10,21
5月18日,箴言 14:22-24,箴言,箴 14:22-24,PRO,14,22,24
5月19日,撒母耳記下 9,舊約,撒下 9,2SA,9,1,
5月19日,撒母耳記下 10,舊約,撒下 10,2SA,10,1,
5月19日,使徒行傳 10:10-30,新約,徒 10:10-30,ACT,10,10,30
5月19日,詩篇 57:22-30,詩篇,詩 57:22-30,PSA,57,22,30
5月19日,箴言 14:25-27,箴言,箴 14:25-27,PRO,14,25,27
5月20日,撒母耳記下 11,舊約,撒下 11,2SA,11,1,
5月20日,撒母耳記下 12,舊約,撒下 12,2SA,12,1,
5月20日,使徒行傳 11:1-21,新約,徒 11:1-21,ACT,11,1,21
5月20日,詩篇 58:4-16,詩篇,詩 58:4-16,PSA,58,4,16
5月20日,箴言 14:28-30,箴言,箴 14:28-30,PRO,14,28,30
5月21日,撒母耳記下 13,舊約,撒下 13,2SA,13,1,
5月21日,撒母耳記下 14,舊約,撒下 14,2SA,14,1,
5月21日,使徒行傳 11:22-30,新約,徒 11:22-30,ACT,11,22,30
5月21日,詩篇 58:17-28,詩篇,詩 58:17-28,PSA,58,17,28
5月21日,箴言 15:1-3,箴言,箴 15:1-3,PRO,15,1,3
5月22日,撒母耳記下 15,舊約,撒下 15,2SA,15,1,
5月22日,撒母耳記下 16,舊約,撒下 16,2SA,16,1,
5月22日,使徒行傳 12:14-30,新約,徒 12:14-30,ACT,12,14,30
5月22日,詩篇 58:29-30,詩篇,詩 58:29-30,PSA,58,29,30
5月22日,箴言 15:4-6,箴言,箴 15:4-6,PRO,15,4,6
5月23日,撒母耳記下 17,舊約,撒下 17,2SA,17,1,
5月23日,撒母耳記下 18,舊約,撒下 18,2SA,18,1,
5月23日,使徒行傳 13:5-25,新約,徒 13:5-25,ACT,13,5,25
5月23日,詩篇 59:11-23,詩篇,詩 59:11-23,PSA,59,11,23
5月23日,箴言 15:7-9,箴言,箴 15:7-9,PRO,15,7,9
5月24日,撒母耳記下 19,舊約,撒下 19,2SA,19,1,
5月24日,撒母耳記下 20,舊約,撒下 20,2SA,20,1,
5月24日,使徒行傳 13:26-30,新約,徒 13:26-30,ACT,13,26,30
5月24日,詩篇 59:24-30,詩篇,詩 59:24-30,PSA,59,24,30
5月24日,箴言 15:10-12,箴言,箴 15:10-12,PRO,15,10,12
5月25日,撒母耳記下 21,舊約,撒下 21,2SA,21,1,
5月25日,撒母耳記下 22,舊約,撒下 22,2SA,22,1,
5月25日,使徒行傳 14:18-30,新約,徒 14:18-30,ACT,14,18,30
5月25日,詩篇 60:6-17,詩篇,詩 60:6-17,PSA,60,6,17
5月25日,箴言 15:13-15,箴言,箴 15:13-15,PRO,15,13,15
5月26日,撒母耳記下 23,舊約,撒下 23,2SA,23,1,
5月26日,撒母耳記下 24,舊約,撒下 24,2SA,24,1,
5月26日,使徒行傳 15:9-30,新約,徒 15:9-30,ACT,15,9,30
5月26日,詩篇 60:18-30,詩篇,詩 60:18-30,PSA,60,18,30
5月26日,箴言 15:16-18,箴言,箴 15:16-18,PRO,15,16,18
5月27日,列王紀上 1,舊約,列上 1,1KI,1,1,
5月27日,列王紀上 2,舊約,列上 2,1KI,2,1,
5月27日,使徒行傳 16:1-21,新約,徒 16:1-21,ACT,16,1,21
5月27日,詩篇 61:1-12,詩篇,詩 61:1-12,PSA,61,1,12
5月27日,箴言 15:19-21,箴言,箴 15:19-21,PRO,15,19,21
5月28日,列王紀上 3,舊約,列上 3,1KI,3,1,
5月28日,列王紀上 4,舊約,列上 4,1KI,4,1,
5月28日,使徒行傳 16:22-30,新約,徒 16:22-30,ACT,16,22,30
5月28日,詩篇 61:13-24,詩篇,詩 61:13-24,PSA,61,13,24
5月28日,箴言 15:22-24,箴言,箴 15:22-24,PRO,15,22,24
5月29日,列王紀上 5,舊約,列上 5,1KI,5,1,
5月29日,列王紀上 6,舊約,列上 6,1KI,6,1,
5月29日,使徒行傳 17:13-30,新約,徒 17:13-30,ACT,17,13,30
5月29日,詩篇 61:25-30,詩篇,詩 61:25-30,PSA,61,25,30
5月29日,箴言 15:25-27,箴言,箴 15:25-27,PRO,15,25,27
5月30日,列王紀上 7,舊約,列上 7,1KI,7,1,
5月30日,列王紀上 8,舊約,列上 8,1KI,8,1,
5月30日,使徒行傳 18:5-25,新約,徒 18:5-25,ACT,18,5,25
5月30日,詩篇 62:7-19,詩篇,詩 62:7-19,PSA,62,7,19
5月30日,箴言 15:28-30,箴言,箴 15:28-30,PRO,15,28,30
5月31日,列王紀上 9,舊約,列上 9,1KI,9,1,
5月31日,列王紀上 10,舊約,列上 10,1KI,10,1,
5月31日,使徒行傳 18:26-30,新約,徒 18:26-30,ACT,18,26,30
5月31日,詩篇 62:20-30,詩篇,詩 62:20-30,PSA,62,20,30
5月31日,箴言 16:1-3,箴言,箴 16:1-3,PRO,16,1,3
6月1日,列王紀上 11,舊約,列上 11,1KI,11,1,
6月1日,列王紀上 12,舊約,列上 12,1KI,12,1,
6月1日,使徒行傳 19:17-30,新約,徒 19:17-30,ACT,19,17,30
6月1日,詩篇 63:2-13,詩篇,詩 63:2-13,PSA,63,2,13
6月1日,箴言 16:4-6,箴言,箴 16:4-6,PRO,16,4,6
6月2日,列王紀上 13,舊約,列上 13,1KI,13,1,
6月2日,列王紀上 14,舊約,列上 14,1KI,14,1,
6月2日,使徒行傳 20:9-29,新約,徒 20:9-29,ACT,20,9,29
6月2日,詩篇 63:14-26,詩篇,詩 63:14-26,PSA,63,14,26
6月2日,箴言 16:7-9,箴言,箴 16:7-9,PRO,16,7,9
6月3日,列王紀上 15,舊約,列上 15,1KI,15,1,
6月3日,列王紀上 16,舊約,列上 16,1KI,16,1,
6月3日,使徒行傳 20:30-30,新約,徒 20:30-30,ACT,20,30,30
6月3日,詩篇 63:27-30,詩篇,詩 63:27-30,PSA,63,27,30
6月3日,箴言 16:10-12,箴言,箴 16:10-12,PRO,16,10,12
6月4日,列王紀上 17,舊約,列上 17,1KI,17,1,
6月4日,列王紀上 18,舊約,列上 18,1KI,18,1,
6月4日,使徒行傳 21:21-30,新約,徒 21:21-30,ACT,21,21,30
6月4日,詩篇 64:9-20,詩篇,詩 64:9-20,PSA,64,9,20
6月4日,箴言 16:13-15,箴言,箴 16:13-15,PRO,16,13,15
6月5日,列王紀上 19,舊約,列上 19,1KI,19,1,
6月5日,列王紀上 20,舊約,列上 20,1KI,20,1,
6月5日,使徒行傳 22:13-30,新約,徒 22:13-30,ACT,22,13,30
6月5日,詩篇 64:21-30,詩篇,詩 64:21-30,PSA,64,21,30
6月5日,箴言 16:16-18,箴言,箴 16:16-18,PRO,16,16,18
6月6日,列王紀上 21,舊約,列上 21,1KI,21,1,
6月6日,列王紀上 22,舊約,列上 22,1KI,22,1,
6月6日,使徒行傳 23:4-25,新約,徒 23:4-25,ACT,23,4,25
6月6日,詩篇 65:4-15,詩篇,詩 65:4-15,PSA,65,4,15
6月6日,箴言 16:19-21,箴言,箴 16:19-21,PRO,16,19,21
6月7日,列王紀下 1,舊約,列下 1,2KI,1,1,
6月7日,列王紀下 2,舊約,列下 2,2KI,2,1,
6月7日,使徒行傳 23:26-30,新約,徒 23:26-30,ACT,23,26,30
6月7日,詩篇 65:16-27,詩篇,詩 65:16-27,PSA,65,16,27
6月7日,箴言 16:22-24,箴言,箴 16:22-24,PRO,16,22,24
6月8日,列王紀下 3,舊約,列下 3,2KI,3,1,
6月8日,列王紀下 4,舊約,列下 4,2KI,4,1,
6月8日,使徒行傳 24:17-30,新約,徒 24:17-30,ACT,24,17,30
6月8日,詩篇 65:28-30,詩篇,詩 65:28-30,PSA,65,28,30
6月8日,箴言 16:25-27,箴言,箴 16:25-27,PRO,16,25,27
6月9日,列王紀下 5,舊約,列下 5,2KI,5,1,
6月9日,列王紀下 6,舊約,列下 6,2KI,6,1,
6月9日,使徒行傳 25:8-29,新約,徒 25:8-29,ACT,25,8,29
6月9日,詩篇 66:11-22,詩篇,詩 66:11-22,PSA,66,11,22
6月9日,箴言 16:28-30,箴言,箴 16:28-30,PRO,16,28,30
6月10日,列王紀下 7,舊約,列下 7,2KI,7,1,
6月10日,列王紀下 8,舊約,列下 8,2KI,8,1,
6月10日,使徒行傳 25:30-30,新約,徒 25:30-30,ACT,25,30,30
6月10日,詩篇 66:23-30,詩篇,詩 66:23-30,PSA,66,23,30
6月10日,箴言 17:1-3,箴言,箴 17:1-3,PRO,17,1,3
6月11日,列王紀下 9,舊約,列下 9,2KI,9,1,
6月11日,列王紀下 10,舊約,列下 10,2KI,10,1,
6月11日,使徒行傳 26:21-30,新約,徒 26:21-30,ACT,26,21,30
6月11日,詩篇 67:5-17,詩篇,詩 67:5-17,PSA,67,5,17
6月11日,箴言 17:4-6,箴言,箴 17:4-6,PRO,17,4,6
6月12日,列王紀下 11,舊約,列下 11,2KI,11,1,
6月12日,列王紀下 12,舊約,列下 12,2KI,12,1,
6月12日,使徒行傳 27:12-30,新約,徒 27:12-30,ACT,27,12,30
6月12日,詩篇 67:18-29,詩篇,詩 67:18-29,PSA,67,18,29
6月12日,箴言 17:7-9,箴言,箴 17:7-9,PRO,17,7,9
6月13日,列王紀下 13,舊約,列下 13,2KI,13,1,
6月13日,列王紀下 14,舊約,列下 14,2KI,14,1,
6月13日,使徒行傳 28:4-24,新約,徒 28:4-24,ACT,28,4,24
6月13日,詩篇 67:30-30,詩篇,詩 67:30-30,PSA,67,30,30
6月13日,箴言 17:10-12,箴言,箴 17:10-12,PRO,17,10,12
6月14日,列王紀下 15,舊約,列下 15,2KI,15,1,
6月14日,列王紀下 16,舊約,列下 16,2KI,16,1,
6月14日,使徒行傳 28:25-30,新約,徒 28:25-30,ACT,28,25,30
6月14日,詩篇 68:12-24,詩篇,詩 68:12-24,PSA,68,12,24
6月14日,箴言 17:13-15,箴言,箴 17:13-15,PRO,17,13,15
6月15日,列王紀下 17,舊約,列下 17,2KI,17,1,
6月15日,列王紀下 18,舊約,列下 18,2KI,18,1,
6月15日,羅馬書 1:17-30,新約,羅 1:17-30,ROM,1,17,30
6月15日,詩篇 68:25-30,詩篇,詩 68:25-30,PSA,68,25,30
6月15日,箴言 17:16-18,箴言,箴 17:16-18,PRO,17,16,18
6月16日,列王紀下 19,舊約,列下 19,2KI,19,1,
6月16日,列王紀下 20,舊約,列下 20,2KI,20,1,
6月16日,羅馬書 2:8-28,新約,羅 2:8-28,ROM,2,8,28
6月16日,詩篇 69:7-18,詩篇,詩 69:7-18,PSA,69,7,18
6月16日,箴言 17:19-21,箴言,箴 17:19-21,PRO,17,19,21
6月17日,列王紀下 21,舊約,列下 21,2KI,21,1,
6月17日,列王紀下 22,舊約,列下 22,2KI,22,1,
6月17日,羅馬書 2:29-30,新約,羅 2:29-30,ROM,2,29,30
6月17日,詩篇 69:19-30,詩篇,詩 69:19-30,PSA,69,19,30
6月17日,箴言 17:22-24,箴言,箴 17:22-24,PRO,17,22,24
6月18日,列王紀下 23,舊約,列下 23,2KI,23,1,
6月18日,列王紀下 24,舊約,列下 24,2KI,24,1,
6月18日,羅馬書 3:21-30,新約,羅 3:21-30,ROM,3,21,30
6月18日,詩篇 70:2-13,詩篇,詩 70:2-13,PSA,70,2,13
6月18日,箴言 17:25-27,箴言,箴 17:25-27,PRO,17,25,27
6月19日,列王紀下 25,舊約,列下 25,2KI,25,1,
6月19日,歷代志上 1,舊約,代上 1,1CH,1,1,
6月19日,羅馬書 4:12-30,新約,羅 4:12-30,ROM,4,12,30
6月19日,詩篇 70:14-25,詩篇,詩 70:14-25,PSA,70,14,25
6月19日,箴言 17:28-30,箴言,箴 17:28-30,PRO,17,28,30
6月20日,歷代志上 2,舊約,代上 2,1CH,2,1,
6月20日,歷代志上 3,舊約,代上 3,1CH,3,1,
6月20日,羅馬書 5:3-24,新約,羅 5:3-24,ROM,5,3,24
6月20日,詩篇 70:26-30,詩篇,詩 70:26-30,PSA,70,26,30
6月20日,箴言 18:1-3,箴言,箴 18:1-3,PRO,18,1,3
6月21日,歷代志上 4,舊約,代上 4,1CH,4,1,
6月21日,歷代志上 5,舊約,代上 5,1CH,5,1,
6月21日,羅馬書 5:25-30,新約,羅 5:25-30,ROM,5,25,30
6月21日,詩篇 71:9-20,詩篇,詩 71:9-20,PSA,71,9,20
6月21日,箴言 18:4-6,箴言,箴 18:4-6,PRO,18,4,6
6月22日,歷代志上 6,舊約,代上 6,1CH,6,1,
6月22日,歷代志上 7,舊約,代上 7,1CH,7,1,
6月22日,羅馬書 6:16-30,新約,羅 6:16-30,ROM,6,16,30
6月22日,詩篇 71:21-30,詩篇,詩 71:21-30,PSA,71,21,30
6月22日,箴言 18:7-9,箴言,箴 18:7-9,PRO,18,7,9
6月23日,歷代志上 8,舊約,代上 8,1CH,8,1,
6月23日,歷代志上 9,舊約,代上 9,1CH,9,1,
6月23日,羅馬書 7:7-28,新約,羅 7:7-28,ROM,7,7,28
6月23日,詩篇 72:3-15,詩篇,詩 72:3-15,PSA,72,3,15
6月23日,箴言 18:10-12,箴言,箴 18:10-12,PRO,18,10,12
6月24日,歷代志上 10,舊約,代上 10,1CH,10,1,
6月24日,歷代志上 11,舊約,代上 11,1CH,11,1,
6月24日,羅馬書 7:29-30,新約,羅 7:29-30,ROM,7,29,30
6月24日,詩篇 72:16-27,詩篇,詩 72:16-27,PSA,72,16,27
6月24日,箴言 18:13-15,箴言,箴 18:13-15,PRO,18,13,15
6月25日,歷代志上 12,舊約,代上 12,1CH,12,1,
6月25日,歷代志上 13,舊約,代上 13,1CH,13,1,
6月25日,羅馬書 8:20-30,新約,羅 8:20-30,ROM,8,20,30
6月25日,詩篇 72:28-30,詩篇,詩 72:28-30,PSA,72,28,30
6月25日,箴言 18:16-18,箴言,箴 18:16-18,PRO,18,16,18
6月26日,歷代志上 14,舊約,代上 14,1CH,14,1,
6月26日,歷代志上 15,舊約,代上 15,1CH,15,1,
6月26日,羅馬書 9:12-30,新約,羅 9:12-30,ROM,9,12,30
6月26日,詩篇 73:10-22,詩篇,詩 73:10-22,PSA,73,10,22
6月26日,箴言 18:19-21,箴言,箴 18:19-21,PRO,18,19,21
6月27日,歷代志上 16,舊約,代上 16,1CH,16,1,
6月27日,歷代志上 17,舊約,代上 17,1CH,17,1,
6月27日,羅馬書 10:3-23,新約,羅 10:3-23,ROM,10,3,23
6月27日,詩篇 73:23-30,詩篇,詩 73:23-30,PSA,73,23,30
6月27日,箴言 18:22-24,箴言,箴 18:22-24,PRO,18,22,24
6月28日,歷代志上 18,舊約,代上 18,1CH,18,1,
6月28日,歷代志上 19,舊約,代上 19,1CH,19,1,
6月28日,羅馬書 10:24-30,新約,羅 10:24-30,ROM,10,24,30
6月28日,詩篇 74:5-16,詩篇,詩 74:5-16,PSA,74,5,16
6月28日,箴言 18:25-27,箴言,箴 18:25-27,PRO,18,25,27
6月29日,歷代志上 20,舊約,代上 20,1CH,20,1,
6月29日,歷代志上 21,舊約,代上 21,1CH,21,1,
6月29日,羅馬書 11:16-30,新約,羅 11:16-30,ROM,11,16,30
6月29日,詩篇 74:17-29,詩篇,詩 74:17-29,PSA,74,17,29
6月29日,箴言 18:28-30,箴言,箴 18:28-30,PRO,18,28,30
6月30日,歷代志上 22,舊約,代上 22,1CH,22,1,
6月30日,歷代志上 23,舊約,代上 23,1CH,23,1,
6月30日,羅馬書 12:7-27,新約,羅 12:7-27,ROM,12,7,27
6月30日,詩篇 74:30-30,詩篇,詩 74:30-30,PSA,74,30,30
6月30日,箴言 19:1-3,箴言,箴 19:1-3,PRO,19,1,3
7月1日,歷代志上 24,舊約,代上 24,1CH,24,1,
7月1日,歷代志上 25,舊約,代上 25,1CH,25,1,
7月1日,羅馬書 12:28-30,新約,羅 12:28-30,ROM,12,28,30
7月1日,詩篇 75:12-23,詩篇,詩 75:12-23,PSA,75,12,23
7月1日,箴言 19:4-6,箴言,箴 19:4-6,PRO,19,4,6
7月2日,歷代志上 26,舊約,代上 26,1CH,26,1,
7月2日,羅馬書 13:20-30,新約,羅 13:20-30,ROM,13,20,30
7月2日,詩篇 75:24-30,詩篇,詩 75:24-30,PSA,75,24,30
7月2日,箴言 19:7-9,箴言,箴 19:7-9,PRO,19,7,9
7月3日,歷代志上 27,舊約,代上 27,1CH,27,1,
7月3日,歷代志上 28,舊約,代上 28,1CH,28,1,
7月3日,羅馬書 14:11-30,新約,羅 14:11-30,ROM,14,11,30
7月3日,詩篇 76:7-18,詩篇,詩 76:7-18,PSA,76,7,18
7月3日,箴言 19:10-12,箴言,箴 19:10-12,PRO,19,10,12
7月4日,歷代志上 29,舊約,代上 29,1CH,29,1,
7月4日,歷代志下 1,舊約,代下 1,2CH,1,1,
7月4日,羅馬書 15:3-23,新約,羅 15:3-23,ROM,15,3,23
7月4日,詩篇 76:19-30,詩篇,詩 76:19-30,PSA,76,19,30
7月4日,箴言 19:13-15,箴言,箴 19:13-15,PRO,19,13,15
7月5日,歷代志下 2,舊約,代下 2,2CH,2,1,
7月5日,歷代志下 3,舊約,代下 3,2CH,3,1,
7月5日,羅馬書 15:24-30,新約,羅 15:24-30,ROM,15,24,30
7月5日,詩篇 77:1-13,詩篇,詩 77:1-13,PSA,77,1,13
7月5日,箴言 19:16-18,箴言,箴 19:16-18,PRO,19,16,18
7月6日,歷代志下 4,舊約,代下 4,2CH,4,1,
7月6日,歷代志下 5,舊約,代下 5,2CH,5,1,
7月6日,羅馬書 16:15-30,新約,羅 16:15-30,ROM,16,15,30
7月6日,詩篇 77:14-25,詩篇,詩 77:14-25,PSA,77,14,25
7月6日,箴言 19:19-21,箴言,箴 19:19-21,PRO,19,19,21
7月7日,歷代志下 6,舊約,代下 6,2CH,6,1,
7月7日,歷代志下 7,舊約,代下 7,2CH,7,1,
7月7日,哥林多前書 1:7-27,新約,林前 1:7-27,1CO,1,7,27
7月7日,詩篇 77:26-30,詩篇,詩 77:26-30,PSA,77,26,30
7月7日,箴言 19:22-24,箴言,箴 19:22-24,PRO,19,22,24
7月8日,歷代志下 8,舊約,代下 8,2CH,8,1,
7月8日,歷代志下 9,舊約,代下 9,2CH,9,1,
7月8日,哥林多前書 1:28-30,新約,林前 1:28-30,1CO,1,28,30
7月8日,詩篇 78:8-20,詩篇,詩 78:8-20,PSA,78,8,20
7月8日,箴言 19:25-27,箴言,箴 19:25-27,PRO,19,25,27
7月9日,歷代志下 10,舊約,代下 10,2CH,10,1,
7月9日,歷代志下 11,舊約,代下 11,2CH,11,1,
7月9日,哥林多前書 2:19-30,新約,林前 2:19-30,1CO,2,19,30
7月9日,詩篇 78:21-30,詩篇,詩 78:21-30,PSA,78,21,30
7月9日,箴言 19:28-30,箴言,箴 19:28-30,PRO,19,28,30
7月10日,歷代志下 12,舊約,代下 12,2CH,12,1,
7月10日,歷代志下 13,舊約,代下 13,2CH,13,1,
7月10日,哥林多前書 3:11-30,新約,林前 3:11-30,1CO,3,11,30
7月10日,詩篇 79:3-14,詩篇,詩 79:3-14,PSA,79,3,14
7月10日,箴言 20:1-3,箴言,箴 20:1-3,PRO,20,1,3
7月11日,歷代志下 14,舊約,代下 14,2CH,14,1,
7月11日,歷代志下 15,舊約,代下 15,2CH,15,1,
7月11日,哥林多前書 4:2-23,新約,林前 4:2-23,1CO,4,2,23
7月11日,詩篇 79:15-27,詩篇,詩 79:15-27,PSA,79,15,27
7月11日,箴言 20:4-6,箴言,箴 20:4-6,PRO,20,4,6
7月12日,歷代志下 16,舊約,代下 16,2CH,16,1,
7月12日,歷代志下 17,舊約,代下 17,2CH,17,1,
7月12日,哥林多前書 4:24-30,新約,林前 4:24-30,1CO,4,24,30
7月12日,詩篇 79:28-30,詩篇,詩 79:28-30,PSA,79,28,30
7月12日,箴言 20:7-9,箴言,箴 20:7-9,PRO,20,7,9
7月13日,歷代志下 18,舊約,代下 18,2CH,18,1,
7月13日,歷代志下 19,舊約,代下 19,2CH,19,1,
7月13日,哥林多前書 5:15-30,新約,林前 5:15-30,1CO,5,15,30
7月13日,詩篇 80:10-21,詩篇,詩 80:10-21,PSA,80,10,21
7月13日,箴言 20:10-12,箴言,箴 20:10-12,PRO,20,10,12
7月14日,歷代志下 20,舊約,代下 20,2CH,20,1,
7月14日,歷代志下 21,舊約,代下 21,2CH,21,1,
7月14日,哥林多前書 6:6-27,新約,林前 6:6-27,1CO,6,6,27
7月14日,詩篇 80:22-30,詩篇,詩 80:22-30,PSA,80,22,30
7月14日,箴言 20:13-15,箴言,箴 20:13-15,PRO,20,13,15
7月15日,歷代志下 22,舊約,代下 22,2CH,22,1,
7月15日,歷代志下 23,舊約,代下 23,2CH,23,1,
7月15日,哥林多前書 6:28-30,新約,林前 6:28-30,1CO,6,28,30
7月15日,詩篇 81:5-16,詩篇,詩 81:5-16,PSA,81,5,16
7月15日,箴言 20:16-18,箴言,箴 20:16-18,PRO,20,16,18
7月16日,歷代志下 24,舊約,代下 24,2CH,24,1,
7月16日,歷代志下 25,舊約,代下 25,2CH,25,1,
7月16日,哥林多前書 7:19-30,新約,林前 7:19-30,1CO,7,19,30
7月16日,詩篇 81:17-28,詩篇,詩 81:17-28,PSA,81,17,28
7月16日,箴言 20:19-21,箴言,箴 20:19-21,PRO,20,19,21
7月17日,歷代志下 26,舊約,代下 26,2CH,26,1,
7月17日,歷代志下 27,舊約,代下 27,2CH,27,1,
7月17日,哥林多前書 8:10-30,新約,林前 8:10-30,1CO,8,10,30
7月17日,詩篇 81:29-30,詩篇,詩 81:29-30,PSA,81,29,30
7月17日,箴言 20:22-24,箴言,箴 20:22-24,PRO,20,22,24
7月18日,歷代志下 28,舊約,代下 28,2CH,28,1,
7月18日,歷代志下 29,舊約,代下 29,2CH,29,1,
7月18日,哥林多前書 9:2-22,新約,林前 9:2-22,1CO,9,2,22
7月18日,詩篇 82:12-23,詩篇,詩 82:12-23,PSA,82,12,23
7月18日,箴言 20:25-27,箴言,箴 20:25-27,PRO,20,25,27
7月19日,歷代志下 30,舊約,代下 30,2CH,30,1,
7月19日,歷代志下 31,舊約,代下 31,2CH,31,1,
7月19日,哥林多前書 9:23-30,新約,林前 9:23-30,1CO,9,23,30
7月19日,詩篇 82:24-30,詩篇,詩 82:24-30,PSA,82,24,30
7月19日,箴言 20:28-30,箴言,箴 20:28-30,PRO,20,28,30
7月20日,歷代志下 32,舊約,代下 32,2CH,32,1,
7月20日,歷代志下 33,舊約,代下 33,2CH,33,1,
7月20日,哥林多前書 10:14-30,新約,林前 10:14-30,1CO,10,14,30
7月20日,詩篇 83:6-18,詩篇,詩 83:6-18,PSA,83,6,18
7月20日,箴言 21:1-3,箴言,箴 21:1-3,PRO,21,1,3
7月21日,歷代志下 34,舊約,代下 34,2CH,34,1,
7月21日,歷代志下 35,舊約,代下 35,2CH,35,1,
7月21日,哥林多前書 11:6-26,新約,林前 11:6-26,1CO,11,6,26
7月21日,詩篇 83:19-30,詩篇,詩 83:19-30,PSA,83,19,30
7月21日,箴言 21:4-6,箴言,箴 21:4-6,PRO,21,4,6
7月22日,歷代志下 36,舊約,代下 36,2CH,36,1,
7月22日,以斯拉記 1,舊約,斯 1,EZR,1,1,
7月22日,哥林多前書 11:27-30,新約,林前 11:27-30,1CO,11,27,30
7月22日,詩篇 84:1-12,詩篇,詩 84:1-12,PSA,84,1,12
7月22日,箴言 21:7-9,箴言,箴 21:7-9,PRO,21,7,9
7月23日,以斯拉記 2,舊約,斯 2,EZR,2,1,
7月23日,以斯拉記 3,舊約,斯 3,EZR,3,1,
7月23日,哥林多前書 12:19-30,新約,林前 12:19-30,1CO,12,19,30
7月23日,詩篇 84:13-25,詩篇,詩 84:13-25,PSA,84,13,25
7月23日,箴言 21:10-12,箴言,箴 21:10-12,PRO,21,10,12
7月24日,以斯拉記 4,舊約,斯 4,EZR,4,1,
7月24日,以斯拉記 5,舊約,斯 5,EZR,5,1,
7月24日,哥林多前書 13:10-30,新約,林前 13:10-30,1CO,13,10,30
7月24日,詩篇 84:26-30,詩篇,詩 84:26-30,PSA,84,26,30
7月24日,箴言 21:13-15,箴言,箴 21:13-15,PRO,21,13,15
7月25日,以斯拉記 6,舊約,斯 6,EZR,6,1,
7月25日,以斯拉記 7,舊約,斯 7,EZR,7,1,
7月25日,哥林多前書 14:1-22,新約,林前 14:1-22,1CO,14,1,22
7月25日,詩篇 85:8-19,詩篇,詩 85:8-19,PSA,85,8,19
7月25日,箴言 21:16-18,箴言,箴 21:16-18,PRO,21,16,18
7月26日,以斯拉記 8,舊約,斯 8,EZR,8,1,
7月26日,以斯拉記 9,舊約,斯 9,EZR,9,1,
7月26日,哥林多前書 14:23-30,新約,林前 14:23-30,1CO,14,23,30
7月26日,詩篇 85:20-30,詩篇,詩 85:20-30,PSA,85,20,30
7月26日,箴言 21:19-21,箴言,箴 21:19-21,PRO,21,19,21
7月27日,以斯拉記 10,舊約,斯 10,EZR,10,1,
7月27日,尼希米記 1,舊約,尼 1,NEH,1,1,
7月27日,哥林多前書 15:14-30,新約,林前 15:14-30,1CO,15,14,30
7月27日,詩篇 86:3-14,詩篇,詩 86:3-14,PSA,86,3,14
7月27日,箴言 21:22-24,箴言,箴 21:22-24,PRO,21,22,24
7月28日,尼希米記 2,舊約,尼 2,NEH,2,1,
7月28日,尼希米記 3,舊約,尼 3,NEH,3,1,
7月28日,哥林多前書 16:5-26,新約,林前 16:5-26,1CO,16,5,26
7月28日,詩篇 86:15-26,詩篇,詩 86:15-26,PSA,86,15,26
7月28日,箴言 21:25-27,箴言,箴 21:25-27,PRO,21,25,27
7月29日,尼希米記 4,舊約,尼 4,NEH,4,1,
7月29日,尼希米記 5,舊約,尼 5,NEH,5,1,
7月29日,哥林多前書 16:27-30,新約,林前 16:27-30,1CO,16,27,30
7月29日,詩篇 86:27-30,詩篇,詩 86:27-30,PSA,86,27,30
7月29日,箴言 21:28-30,箴言,箴 21:28-30,PRO,21,28,30
7月30日,尼希米記 6,舊約,尼 6,NEH,6,1,
7月30日,尼希米記 7,舊約,尼 7,NEH,7,1,
7月30日,哥林多後書 1:18-30,新約,林後 1:18-30,2CO,1,18,30
7月30日,詩篇 87:10-21,詩篇,詩 87:10-21,PSA,87,10,21
7月30日,箴言 22:1-3,箴言,箴 22:1-3,PRO,22,1,3
7月31日,尼希米記 8,舊約,尼 8,NEH,8,1,
7月31日,尼希米記 9,舊約,尼 9,NEH,9,1,
7月31日,哥林多後書 2:10-30,新約,林後 2:10-30,2CO,2,10,30
7月31日,詩篇 87:22-30,詩篇,詩 87:22-30,PSA,87,22,30
7月31日,箴言 22:4-6,箴言,箴 22:4-6,PRO,22,4,6
8月1日,尼希米記 10,舊約,尼 10,NEH,10,1,
8月1日,尼希米記 11,舊約,尼 11,NEH,11,1,
8月1日,哥林多後書 3:1-21,新約,林後 3:1-21,2CO,3,1,21
8月1日,詩篇 88:4-16,詩篇,詩 88:4-16,PSA,88,4,16
8月1日,箴言 22:7-9,箴言,箴 22:7-9,PRO,22,7,9
8月2日,尼希米記 12,舊約,尼 12,NEH,12,1,
8月2日,尼希米記 13,舊約,尼 13,NEH,13,1,
8月2日,哥林多後書 3:22-30,新約,林後 3:22-30,2CO,3,22,30
8月2日,詩篇 88:17-28,詩篇,詩 88:17-28,PSA,88,17,28
8月2日,箴言 22:10-12,箴言,箴 22:10-12,PRO,22,10,12
8月3日,以斯帖記 1,舊約,帖 1,EST,1,1,
8月3日,以斯帖記 2,舊約,帖 2,EST,2,1,
8月3日,哥林多後書 4:14-30,新約,林後 4:14-30,2CO,4,14,30
8月3日,詩篇 88:29-30,詩篇,詩 88:29-30,PSA,88,29,30
8月3日,箴言 22:13-15,箴言,箴 22:13-15,PRO,22,13,15
8月4日,以斯帖記 3,舊約,帖 3,EST,3,1,
8月4日,以斯帖記 4,舊約,帖 4,EST,4,1,
8月4日,哥林多後書 5:5-25,新約,林後 5:5-25,2CO,5,5,25
8月4日,詩篇 89:11-23,詩篇,詩 89:11-23,PSA,89,11,23
8月4日,箴言 22:16-18,箴言,箴 22:16-18,PRO,22,16,18
8月5日,以斯帖記 5,舊約,帖 5,EST,5,1,
8月5日,以斯帖記 6,舊約,帖 6,EST,6,1,
8月5日,哥林多後書 5:26-30,新約,林後 5:26-30,2CO,5,26,30
8月5日,詩篇 89:24-30,詩篇,詩 89:24-30,PSA,89,24,30
8月5日,箴言 22:19-21,箴言,箴 22:19-21,PRO,22,19,21
8月6日,以斯帖記 7,舊約,帖 7,EST,7,1,
8月6日,以斯帖記 8,舊約,帖 8,EST,8,1,
8月6日,哥林多後書 6:18-30,新約,林後 6:18-30,2CO,6,18,30
8月6日,詩篇 90:6-17,詩篇,詩 90:6-17,PSA,90,6,17
8月6日,箴言 22:22-24,箴言,箴 22:22-24,PRO,22,22,24
8月7日,以斯帖記 9,舊約,帖 9,EST,9,1,
8月7日,以斯帖記 10,舊約,帖 10,EST,10,1,
8月7日,哥林多後書 7:9-30,新約,林後 7:9-30,2CO,7,9,30
8月7日,詩篇 90:18-30,詩篇,詩 90:18-30,PSA,90,18,30
8月7日,箴言 22:25-27,箴言,箴 22:25-27,PRO,22,25,27
8月8日,約伯記 1,舊約,伯 1,JOB,1,1,
8月8日,約伯記 2,舊約,伯 2,JOB,2,1,
8月8日,哥林多後書 8:1-21,新約,林後 8:1-21,2CO,8,1,21
8月8日,詩篇 91:1-12,詩篇,詩 91:1-12,PSA,91,1,12
8月8日,箴言 22:28-30,箴言,箴 22:28-30,PRO,22,28,30
8月9日,約伯記 3,舊約,伯 3,JOB,3,1,
8月9日,約伯記 4,舊約,伯 4,JOB,4,1,
8月9日,哥林多後書 8:22-30,新約,林後 8:22-30,2CO,8,22,30
8月9日,詩篇 91:13-24,詩篇,詩 91:13-24,PSA,91,13,24
8月9日,箴言 23:1-3,箴言,箴 23:1-3,PRO,23,1,3
8月10日,約伯記 5,舊約,伯 5,JOB,5,1,
8月10日,約伯記 6,舊約,伯 6,JOB,6,1,
8月10日,哥林多後書 9:13-30,新約,林後 9:13-30,2CO,9,13,30
8月10日,詩篇 91:25-30,詩篇,詩 91:25-30,PSA,91,25,30
8月10日,箴言 23:4-6,箴言,箴 23:4-6,PRO,23,4,6
8月11日,約伯記 7,舊約,伯 7,JOB,7,1,
8月11日,約伯記 8,舊約,伯 8,JOB,8,1,
8月11日,哥林多後書 10:5-25,新約,林後 10:5-25,2CO,10,5,25
8月11日,詩篇 92:7-19,詩篇,詩 92:7-19,PSA,92,7,19
8月11日,箴言 23:7-9,箴言,箴 23:7-9,PRO,23,7,9
8月12日,約伯記 9,舊約,伯 9,JOB,9,1,
8月12日,約伯記 10,舊約,伯 10,JOB,10,1,
8月12日,哥林多後書 10:26-30,新約,林後 10:26-30,2CO,10,26,30
8月12日,詩篇 92:20-30,詩篇,詩 92:20-30,PSA,92,20,30
8月12日,箴言 23:10-12,箴言,箴 23:10-12,PRO,23,10,12
8月13日,約伯記 11,舊約,伯 11,JOB,11,1,
8月13日,約伯記 12,舊約,伯 12,JOB,12,1,
8月13日,哥林多後書 11:17-30,新約,林後 11:17-30,2CO,11,17,30
8月13日,詩篇 93:2-13,詩篇,詩 93:2-13,PSA,93,2,13
8月13日,箴言 23:13-15,箴言,箴 23:13-15,PRO,23,13,15
8月14日,約伯記 13,舊約,伯 13,JOB,13,1,
8月14日,約伯記 14,舊約,伯 14,JOB,14,1,
8月14日,哥林多後書 12:9-29,新約,林後 12:9-29,2CO,12,9,29
8月14日,詩篇 93:14-26,詩篇,詩 93:14-26,PSA,93,14,26
8月14日,箴言 23:16-18,箴言,箴 23:16-18,PRO,23,16,18
8月15日,約伯記 15,舊約,伯 15,JOB,15,1,
8月15日,約伯記 16,舊約,伯 16,JOB,16,1,
8月15日,哥林多後書 12:30-30,新約,林後 12:30-30,2CO,12,30,30
8月15日,詩篇 93:27-30,詩篇,詩 93:27-30,PSA,93,27,30
8月15日,箴言 23:19-21,箴言,箴 23:19-21,PRO,23,19,21
8月16日,約伯記 17,舊約,伯 17,JOB,17,1,
8月16日,約伯記 18,舊約,伯 18,JOB,18,1,
8月16日,哥林多後書 13:21-30,新約,林後 13:21-30,2CO,13,21,30
8月16日,詩篇 94:9-20,詩篇,詩 94:9-20,PSA,94,9,20
8月16日,箴言 23:22-24,箴言,箴 23:22-24,PRO,23,22,24
8月17日,約伯記 19,舊約,伯 19,JOB,19,1,
8月17日,約伯記 20,舊約,伯 20,JOB,20,1,
8月17日,加拉太書 1:13-30,新約,加 1:13-30,GAL,1,13,30
8月17日,詩篇 94:21-30,詩篇,詩 94:21-30,PSA,94,21,30
8月17日,箴言 23:25-27,箴言,箴 23:25-27,PRO,23,25,27
8月18日,約伯記 21,舊約,伯 21,JOB,21,1,
8月18日,約伯記 22,舊約,伯 22,JOB,22,1,
8月18日,加拉太書 2:4-25,新約,加 2:4-25,GAL,2,4,25
8月18日,詩篇 95:4-15,詩篇,詩 95:4-15,PSA,95,4,15
8月18日,箴言 23:28-30,箴言,箴 23:28-30,PRO,23,28,30
8月19日,約伯記 23,舊約,伯 23,JOB,23,1,
8月19日,約伯記 24,舊約,伯 24,JOB,24,1,
8月19日,加拉太書 2:26-30,新約,加 2:26-30,GAL,2,26,30
8月19日,詩篇 95:16-27,詩篇,詩 95:16-27,PSA,95,16,27
8月19日,箴言 24:1-3,箴言,箴 24:1-3,PRO,24,1,3
8月20日,約伯記 25,舊約,伯 25,JOB,25,1,
8月20日,約伯記 26,舊約,伯 26,JOB,26,1,
8月20日,加拉太書 3:17-30,新約,加 3:17-30,GAL,3,17,30
8月20日,詩篇 95:28-30,詩篇,詩 95:28-30,PSA,95,28,30
8月20日,箴言 24:4-6,箴言,箴 24:4-6,PRO,24,4,6
8月21日,約伯記 27,舊約,伯 27,JOB,27,1,
8月21日,約伯記 28,舊約,伯 28,JOB,28,1,
8月21日,加拉太書 4:8-29,新約,加 4:8-29,GAL,4,8,29
8月21日,詩篇 96:11-22,詩篇,詩 96:11-22,PSA,96,11,22
8月21日,箴言 24:7-9,箴言,箴 24:7-9,PRO,24,7,9
8月22日,約伯記 29,舊約,伯 29,JOB,29,1,
8月22日,約伯記 30,舊約,伯 30,JOB,30,1,
8月22日,加拉太書 4:30-30,新約,加 4:30-30,GAL,4,30,30
8月22日,詩篇 96:23-30,詩篇,詩 96:23-30,PSA,96,23,30
8月22日,箴言 24:10-12,箴言,箴 24:10-12,PRO,24,10,12
8月23日,約伯記 31,舊約,伯 31,JOB,31,1,
8月23日,約伯記 32,舊約,伯 32,JOB,32,1,
8月23日,加拉太書 5:21-30,新約,加 5:21-30,GAL,5,21,30
8月23日,詩篇 97:5-17,詩篇,詩 97:5-17,PSA,97,5,17
8月23日,箴言 24:13-15,箴言,箴 24:13-15,PRO,24,13,15
8月24日,約伯記 33,舊約,伯 33,JOB,33,1,
8月24日,約伯記 34,舊約,伯 34,JOB,34,1,
8月24日,加拉太書 6:12-30,新約,加 6:12-30,GAL,6,12,30
8月24日,詩篇 97:18-29,詩篇,詩 97:18-29,PSA,97,18,29
8月24日,箴言 24:16-18,箴言,箴 24:16-18,PRO,24,16,18
8月25日,約伯記 35,舊約,伯 35,JOB,35,1,
8月25日,約伯記 36,舊約,伯 36,JOB,36,1,
8月25日,以弗所書 1:4-24,新約,以 1:4-24,EPH,1,4,24
8月25日,詩篇 97:30-30,詩篇,詩 97:30-30,PSA,97,30,30
8月25日,箴言 24:19-21,箴言,箴 24:19-21,PRO,24,19,21
8月26日,約伯記 37,舊約,伯 37,JOB,37,1,
8月26日,約伯記 38,舊約,伯 38,JOB,38,1,
8月26日,以弗所書 1:25-30,新約,以 1:25-30,EPH,1,25,30
8月26日,詩篇 98:12-24,詩篇,詩 98:12-24,PSA,98,12,24
8月26日,箴言 24:22-24,箴言,箴 24:22-24,PRO,24,22,24
8月27日,約伯記 39,舊約,伯 39,JOB,39,1,
8月27日,約伯記 40,舊約,伯 40,JOB,40,1,
8月27日,以弗所書 2:17-30,新約,以 2:17-30,EPH,2,17,30
8月27日,詩篇 98:25-30,詩篇,詩 98:25-30,PSA,98,25,30
8月27日,箴言 24:25-27,箴言,箴 24:25-27,PRO,24,25,27
8月28日,約伯記 41,舊約,伯 41,JOB,41,1,
8月28日,約伯記 42,舊約,伯 42,JOB,42,1,
8月28日,以弗所書 3:8-28,新約,以 3:8-28,EPH,3,8,28
8月28日,詩篇 99:7-18,詩篇,詩 99:7-18,PSA,99,7,18
8月28日,箴言 24:28-30,箴言,箴 24:28-30,PRO,24,28,30
8月29日,以賽亞書 1,舊約,賽 1,ISA,1,1,
8月29日,以賽亞書 2,舊約,賽 2,ISA,2,1,
8月29日,以弗所書 3:29-30,新約,以 3:29-30,EPH,3,29,30
8月29日,詩篇 99:19-30,詩篇,詩 99:19-30,PSA,99,19,30
8月29日,箴言 25:1-3,箴言,箴 25:1-3,PRO,25,1,3
8月30日,以賽亞書 3,舊約,賽 3,ISA,3,1,
8月30日,以賽亞書 4,舊約,賽 4,ISA,4,1,
8月30日,以弗所書 4:21-30,新約,以 4:21-30,EPH,4,21,30
8月30日,詩篇 100:2-13,詩篇,詩 100:2-13,PSA,100,2,13
8月30日,箴言 25:4-6,箴言,箴 25:4-6,PRO,25,4,6
8月31日,以賽亞書 5,舊約,賽 5,ISA,5,1,
8月31日,以賽亞書 6,舊約,賽 6,ISA,6,1,
8月31日,以弗所書 5:12-30,新約,以 5:12-30,EPH,5,12,30
8月31日,詩篇 100:14-25,詩篇,詩 100:14-25,PSA,100,14,25
8月31日,箴言 25:7-9,箴言,箴 25:7-9,PRO,25,7,9
9月1日,以賽亞書 7,舊約,賽 7,ISA,7,1,
9月1日,以賽亞書 8,舊約,賽 8,ISA,8,1,
9月1日,以弗所書 6:3-24,新約,以 6:3-24,EPH,6,3,24
9月1日,詩篇 100:26-30,詩篇,詩 100:26-30,PSA,100,26,30
9月1日,箴言 25:10-12,箴言,箴 25:10-12,PRO,25,10,12
9月2日,以賽亞書 9,舊約,賽 9,ISA,9,1,
9月2日,以賽亞書 10,舊約,賽 10,ISA,10,1,
9月2日,以弗所書 6:25-30,新約,以 6:25-30,EPH,6,25,30
9月2日,詩篇 101:9-20,詩篇,詩 101:9-20,PSA,101,9,20
9月2日,箴言 25:13-15,箴言,箴 25:13-15,PRO,25,13,15
9月3日,以賽亞書 11,舊約,賽 11,ISA,11,1,
9月3日,以賽亞書 12,舊約,賽 12,ISA,12,1,
9月3日,腓立比書 1:16-30,新約,腓 1:16-30,PHP,1,16,30
9月3日,詩篇 101:21-30,詩篇,詩 101:21-30,PSA,101,21,30
9月3日,箴言 25:16-18,箴言,箴 25:16-18,PRO,25,16,18
9月4日,以賽亞書 13,舊約,賽 13,ISA,13,1,
9月4日,以賽亞書 14,舊約,賽 14,ISA,14,1,
9月4日,腓立比書 2:7-28,新約,腓 2:7-28,PHP,2,7,28
9月4日,詩篇 102:3-15,詩篇,詩 102:3-15,PSA,102,3,15
9月4日,箴言 25:19-21,箴言,箴 25:19-21,PRO,25,19,21
9月5日,以賽亞書 15,舊約,賽 15,ISA,15,1,
9月5日,以賽亞書 16,舊約,賽 16,ISA,16,1,
9月5日,腓立比書 2:29-30,新約,腓 2:29-30,PHP,2,29,30
9月5日,詩篇 102:16-27,詩篇,詩 102:16-27,PSA,102,16,27
9月5日,箴言 25:22-24,箴言,箴 25:22-24,PRO,25,22,24
9月6日,以賽亞書 17,舊約,賽 17,ISA,17,1,
9月6日,以賽亞書 18,舊約,賽 18,ISA,18,1,
9月6日,腓立比書 3:20-30,新約,腓 3:20-30,PHP,3,20,30
9月6日,詩篇 102:28-30,詩篇,詩 102:28-30,PSA,102,28,30
9月6日,箴言 25:25-27,箴言,箴 25:25-27,PRO,25,25,27
9月7日,以賽亞書 19,舊約,賽 19,ISA,19,1,
9月7日,以賽亞書 20,舊約,賽 20,ISA,20,1,
9月7日,腓立比書 4:12-30,新約,腓 4:12-30,PHP,4,12,30
9月7日,詩篇 103:10-22,詩篇,詩 103:10-22,PSA,103,10,22
9月7日,箴言 25:28-30,箴言,箴 25:28-30,PRO,25,28,30
9月8日,以賽亞書 21,舊約,賽 21,ISA,21,1,
9月8日,以賽亞書 22,舊約,賽 22,ISA,22,1,
9月8日,歌羅西書 1:3-23,新約,歌 1:3-23,COL,1,3,23
9月8日,詩篇 103:23-30,詩篇,詩 103:23-30,PSA,103,23,30
9月8日,箴言 26:1-3,箴言,箴 26:1-3,PRO,26,1,3
9月9日,以賽亞書 23,舊約,賽 23,ISA,23,1,
9月9日,以賽亞書 24,舊約,賽 24,ISA,24,1,
9月9日,歌羅西書 1:24-30,新約,歌 1:24-30,COL,1,24,30
9月9日,詩篇 104:5-16,詩篇,詩 104:5-16,PSA,104,5,16
9月9日,箴言 26:4-6,箴言,箴 26:4-6,PRO,26,4,6
9月10日,以賽亞書 25,舊約,賽 25,ISA,25,1,
9月10日,以賽亞書 26,舊約,賽 26,ISA,26,1,
9月10日,歌羅西書 2:16-30,新約,歌 2:16-30,COL,2,16,30
9月10日,詩篇 104:17-29,詩篇,詩 104:17-29,PSA,104,17,29
9月10日,箴言 26:7-9,箴言,箴 26:7-9,PRO,26,7,9
9月11日,以賽亞書 27,舊約,賽 27,ISA,27,1,
9月11日,以賽亞書 28,舊約,賽 28,ISA,28,1,
9月11日,歌羅西書 3:7-27,新約,歌 3:7-27,COL,3,7,27
9月11日,詩篇 104:30-30,詩篇,詩 104:30-30,PSA,104,30,30
9月11日,箴言 26:10-12,箴言,箴 26:10-12,PRO,26,10,12
9月12日,以賽亞書 29,舊約,賽 29,ISA,29,1,
9月12日,以賽亞書 30,舊約,賽 30,ISA,30,1,
9月12日,歌羅西書 3:28-30,新約,歌 3:28-30,COL,3,28,30
9月12日,詩篇 105:12-23,詩篇,詩 105:12-23,PSA,105,12,23
9月12日,箴言 26:13-15,箴言,箴 26:13-15,PRO,26,13,15
9月13日,以賽亞書 31,舊約,賽 31,ISA,31,1,
9月13日,以賽亞書 32,舊約,賽 32,ISA,32,1,
9月13日,歌羅西書 4:20-30,新約,歌 4:20-30,COL,4,20,30
9月13日,詩篇 105:24-30,詩篇,詩 105:24-30,PSA,105,24,30
9月13日,箴言 26:16-18,箴言,箴 26:16-18,PRO,26,16,18
9月14日,以賽亞書 33,舊約,賽 33,ISA,33,1,
9月14日,以賽亞書 34,舊約,賽 34,ISA,34,1,
9月14日,帖撒羅尼迦前書 1:11-30,新約,帖前 1:11-30,1TH,1,11,30
9月14日,詩篇 106:7-18,詩篇,詩 106:7-18,PSA,106,7,18
9月14日,箴言 26:19-21,箴言,箴 26:19-21,PRO,26,19,21
9月15日,以賽亞書 35,舊約,賽 35,ISA,35,1,
9月15日,以賽亞書 36,舊約,賽 36,ISA,36,1,
9月15日,帖撒羅尼迦前書 2:3-23,新約,帖前 2:3-23,1TH,2,3,23
9月15日,詩篇 106:19-30,詩篇,詩 106:19-30,PSA,106,19,30
9月15日,箴言 26:22-24,箴言,箴 26:22-24,PRO,26,22,24
9月16日,以賽亞書 37,舊約,賽 37,ISA,37,1,
9月16日,以賽亞書 38,舊約,賽 38,ISA,38,1,
9月16日,帖撒羅尼迦前書 2:24-30,新約,帖前 2:24-30,1TH,2,24,30
9月16日,詩篇 107:1-13,詩篇,詩 107:1-13,PSA,107,1,13
9月16日,箴言 26:25-27,箴言,箴 26:25-27,PRO,26,25,27
9月17日,以賽亞書 39,舊約,賽 39,ISA,39,1,
9月17日,以賽亞書 40,舊約,賽 40,ISA,40,1,
9月17日,帖撒羅尼迦前書 3:15-30,新約,帖前 3:15-30,1TH,3,15,30
9月17日,詩篇 107:14-25,詩篇,詩 107:14-25,PSA,107,14,25
9月17日,箴言 26:28-30,箴言,箴 26:28-30,PRO,26,28,30
9月18日,以賽亞書 41,舊約,賽 41,ISA,41,1,
9月18日,以賽亞書 42,舊約,賽 42,ISA,42,1,
9月18日,帖撒羅尼迦前書 4:7-27,新約,帖前 4:7-27,1TH,4,7,27
9月18日,詩篇 107:26-30,詩篇,詩 107:26-30,PSA,107,26,30
9月18日,箴言 27:1-3,箴言,箴 27:1-3,PRO,27,1,3
9月19日,以賽亞書 43,舊約,賽 43,ISA,43,1,
9月19日,以賽亞書 44,舊約,賽 44,ISA,44,1,
9月19日,帖撒羅尼迦前書 4:28-30,新約,帖前 4:28-30,1TH,4,28,30
9月19日,詩篇 108:8-20,詩篇,詩 108:8-20,PSA,108,8,20
9月19日,箴言 27:4-6,箴言,箴 27:4-6,PRO,27,4,6
9月20日,以賽亞書 45,舊約,賽 45,ISA,45,1,
9月20日,以賽亞書 46,舊約,賽 46,ISA,46,1,
9月20日,帖撒羅尼迦前書 5:19-30,新約,帖前 5:19-30,1TH,5,19,30
9月20日,詩篇 108:21-30,詩篇,詩 108:21-30,PSA,108,21,30
9月20日,箴言 27:7-9,箴言,箴 27:7-9,PRO,27,7,9
9月21日,以賽亞書 47,舊約,賽 47,ISA,47,1,
9月21日,以賽亞書 48,舊約,賽 48,ISA,48,1,
9月21日,帖撒羅尼迦後書 1:11-30,新約,帖後 1:11-30,2TH,1,11,30
9月21日,詩篇 109:3-14,詩篇,詩 109:3-14,PSA,109,3,14
9月21日,箴言 27:10-12,箴言,箴 27:10-12,PRO,27,10,12
9月22日,以賽亞書 49,舊約,賽 49,ISA,49,1,
9月22日,以賽亞書 50,舊約,賽 50,ISA,50,1,
9月22日,帖撒羅尼迦後書 2:2-23,新約,帖後 2:2-23,2TH,2,2,23
9月22日,詩篇 109:15-27,詩篇,詩 109:15-27,PSA,109,15,27
9月22日,箴言 27:13-15,箴言,箴 27:13-15,PRO,27,13,15
9月23日,以賽亞書 51,舊約,賽 51,ISA,51,1,
9月23日,以賽亞書 52,舊約,賽 52,ISA,52,1,
9月23日,帖撒羅尼迦後書 2:24-30,新約,帖後 2:24-30,2TH,2,24,30
9月23日,詩篇 109:28-30,詩篇,詩 109:28-30,PSA,109,28,30
9月23日,箴言 27:16-18,箴言,箴 27:16-18,PRO,27,16,18
9月24日,以賽亞書 53,舊約,賽 53,ISA,53,1,
9月24日,以賽亞書 54,舊約,賽 54,ISA,54,1,
9月24日,帖撒羅尼迦後書 3:15-30,新約,帖後 3:15-30,2TH,3,15,30
9月24日,詩篇 110:10-21,詩篇,詩 110:10-21,PSA,110,10,21
9月24日,箴言 27:19-21,箴言,箴 27:19-21,PRO,27,19,21
9月25日,以賽亞書 55,舊約,賽 55,ISA,55,1,
9月25日,以賽亞書 56,舊約,賽 56,ISA,56,1,
9月25日,提摩太前書 1:6-27,新約,提前 1:6-27,1TI,1,6,27
9月25日,詩篇 110:22-30,詩篇,詩 110:22-30,PSA,110,22,30
9月25日,箴言 27:22-24,箴言,箴 27:22-24,PRO,27,22,24
9月26日,以賽亞書 57,舊約,賽 57,ISA,57,1,
9月26日,以賽亞書 58,舊約,賽 58,ISA,58,1,
9月26日,提摩太前書 1:28-30,新約,提前 1:28-30,1TI,1,28,30
9月26日,詩篇 111:5-16,詩篇,詩 111:5-16,PSA,111,5,16
9月26日,箴言 27:25-27,箴言,箴 27:25-27,PRO,27,25,27
9月27日,以賽亞書 59,舊約,賽 59,ISA,59,1,
9月27日,以賽亞書 60,舊約,賽 60,ISA,60,1,
9月27日,提摩太前書 2:19-30,新約,提前 2:19-30,1TI,2,19,30
9月27日,詩篇 111:17-28,詩篇,詩 111:17-28,PSA,111,17,28
9月27日,箴言 27:28-30,箴言,箴 27:28-30,PRO,27,28,30
9月28日,以賽亞書 61,舊約,賽 61,ISA,61,1,
9月28日,以賽亞書 62,舊約,賽 62,ISA,62,1,
9月28日,提摩太前書 3:10-30,新約,提前 3:10-30,1TI,3,10,30
9月28日,詩篇 111:29-30,詩篇,詩 111:29-30,PSA,111,29,30
9月28日,箴言 28:1-3,箴言,箴 28:1-3,PRO,28,1,3
9月29日,以賽亞書 63,舊約,賽 63,ISA,63,1,
9月29日,以賽亞書 64,舊約,賽 64,ISA,64,1,
9月29日,提摩太前書 4:2-22,新約,提前 4:2-22,1TI,4,2,22
9月29日,詩篇 112:12-23,詩篇,詩 112:12-23,PSA,112,12,23
9月29日,箴言 28:4-6,箴言,箴 28:4-6,PRO,28,4,6
9月30日,以賽亞書 65,舊約,賽 65,ISA,65,1,
9月30日,以賽亞書 66,舊約,賽 66,ISA,66,1,
9月30日,提摩太前書 4:23-30,新約,提前 4:23-30,1TI,4,23,30
9月30日,詩篇 112:24-30,詩篇,詩 112:24-30,PSA,112,24,30
9月30日,箴言 28:7-9,箴言,箴 28:7-9,PRO,28,7,9
10月1日,耶利米書 1,舊約,耶 1,JER,1,1,
10月1日,耶利米書 2,舊約,耶 2,JER,2,1,
10月1日,提摩太前書 5:14-30,新約,提前 5:14-30,1TI,5,14,30
10月1日,詩篇 113:6-18,詩篇,詩 113:6-18,PSA,113,6,18
10月1日,箴言 28:10-12,箴言,箴 28:10-12,PRO,28,10,12
10月2日,耶利米書 3,舊約,耶 3,JER,3,1,
10月2日,耶利米書 4,舊約,耶 4,JER,4,1,
10月2日,提摩太前書 6:6-26,新約,提前 6:6-26,1TI,6,6,26
10月2日,詩篇 113:19-30,詩篇,詩 113:19-30,PSA,113,19,30
10月2日,箴言 28:13-15,箴言,箴 28:13-15,PRO,28,13,15
10月3日,耶利米書 5,舊約,耶 5,JER,5,1,
10月3日,耶利米書 6,舊約,耶 6,JER,6,1,
10月3日,提摩太前書 6:27-30,新約,提前 6:27-30,1TI,6,27,30
10月3日,詩篇 114:1-12,詩篇,詩 114:1-12,PSA,114,1,12
10月3日,箴言 28:16-18,箴言,箴 28:16-18,PRO,28,16,18
10月4日,耶利米書 7,舊約,耶 7,JER,7,1,
10月4日,耶利米書 8,舊約,耶 8,JER,8,1,
10月4日,提摩太後書 1:19-30,新約,提後 1:19-30,2TI,1,19,30
10月4日,詩篇 114:13-25,詩篇,詩 114:13-25,PSA,114,13,25
10月4日,箴言 28:19-21,箴言,箴 28:19-21,PRO,28,19,21
10月5日,耶利米書 9,舊約,耶 9,JER,9,1,
10月5日,耶利米書 10,舊約,耶 10,JER,10,1,
10月5日,提摩太後書 2:10-30,新約,提後 2:10-30,2TI,2,10,30
10月5日,詩篇 114:26-30,詩篇,詩 114:26-30,PSA,114,26,30
10月5日,箴言 28:22-24,箴言,箴 28:22-24,PRO,28,22,24
10月6日,耶利米書 11,舊約,耶 11,JER,11,1,
10月6日,耶利米書 12,舊約,耶 12,JER,12,1,
10月6日,提摩太後書 3:1-22,新約,提後 3:1-22,2TI,3,1,22
10月6日,詩篇 115:8-19,詩篇,詩 115:8-19,PSA,115,8,19
10月6日,箴言 28:25-27,箴言,箴 28:25-27,PRO,28,25,27
10月7日,耶利米書 13,舊約,耶 13,JER,13,1,
10月7日,耶利米書 14,舊約,耶 14,JER,14,1,
10月7日,提摩太後書 3:23-30,新約,提後 3:23-30,2TI,3,23,30
10月7日,詩篇 115:20-30,詩篇,詩 115:20-30,PSA,115,20,30
10月7日,箴言 28:28-30,箴言,箴 28:28-30,PRO,28,28,30
10月8日,耶利米書 15,舊約,耶 15,JER,15,1,
10月8日,耶利米書 16,舊約,耶 16,JER,16,1,
10月8日,提摩太後書 4:14-30,新約,提後 4:14-30,2TI,4,14,30
10月8日,詩篇 116:3-14,詩篇,詩 116:3-14,PSA,116,3,14
10月8日,箴言 29:1-3,箴言,箴 29:1-3,PRO,29,1,3
10月9日,耶利米書 17,舊約,耶 17,JER,17,1,
10月9日,耶利米書 18,舊約,耶 18,JER,18,1,
10月9日,提多書 1:5-26,新約,多 1:5-26,TIT,1,5,26
10月9日,詩篇 116:15-26,詩篇,詩 116:15-26,PSA,116,15,26
10月9日,箴言 29:4-6,箴言,箴 29:4-6,PRO,29,4,6
10月10日,耶利米書 19,舊約,耶 19,JER,19,1,
10月10日,耶利米書 20,舊約,耶 20,JER,20,1,
10月10日,提多書 1:27-30,新約,多 1:27-30,TIT,1,27,30
10月10日,詩篇 116:27-30,詩篇,詩 116:27-30,PSA,116,27,30
10月10日,箴言 29:7-9,箴言,箴 29:7-9,PRO,29,7,9
10月11日,耶利米書 21,舊約,耶 21,JER,21,1,
10月11日,耶利米書 22,舊約,耶 22,JER,22,1,
10月11日,提多書 2:18-30,新約,多 2:18-30,TIT,2,18,30
10月11日,詩篇 117:10-21,詩篇,詩 117:10-21,PSA,117,10,21
10月11日,箴言 29:10-12,箴言,箴 29:10-12,PRO,29,10,12
10月12日,耶利米書 23,舊約,耶 23,JER,23,1,
10月12日,耶利米書 24,舊約,耶 24,JER,24,1,
10月12日,提多書 3:10-30,新約,多 3:10-30,TIT,3,10,30
10月12日,詩篇 117:22-30,詩篇,詩 117:22-30,PSA,117,22,30
10月12日,箴言 29:13-15,箴言,箴 29:13-15,PRO,29,13,15
10月13日,耶利米書 25,舊約,耶 25,JER,25,1,
10月13日,耶利米書 26,舊約,耶 26,JER,26,1,
10月13日,腓利門書 1:1-21,新約,門 1:1-21,PHM,1,1,21
10月13日,詩篇 118:4-16,詩篇,詩 118:4-16,PSA,118,4,16
10月13日,箴言 29:16-18,箴言,箴 29:16-18,PRO,29,16,18
10月14日,耶利米書 27,舊約,耶 27,JER,27,1,
10月14日,耶利米書 28,舊約,耶 28,JER,28,1,
10月14日,腓利門書 1:22-30,新約,門 1:22-30,PHM,1,22,30
10月14日,詩篇 118:17-28,詩篇,詩 118:17-28,PSA,118,17,28
10月14日,箴言 29:19-21,箴言,箴 29:19-21,PRO,29,19,21
10月15日,耶利米書 29,舊約,耶 29,JER,29,1,
10月15日,耶利米書 30,舊約,耶 30,JER,30,1,
10月15日,希伯來書 1:14-30,新約,希 1:14-30,HEB,1,14,30
10月15日,詩篇 118:29-30,詩篇,詩 118:29-30,PSA,118,29,30
10月15日,箴言 29:22-24,箴言,箴 29:22-24,PRO,29,22,24
10月16日,耶利米書 31,舊約,耶 31,JER,31,1,
10月16日,耶利米書 32,舊約,耶 32,JER,32,1,
10月16日,希伯來書 2:5-25,新約,希 2:5-25,HEB,2,5,25
10月16日,詩篇 119:11-23,詩篇,詩 119:11-23,PSA,119,11,23
10月16日,箴言 29:25-27,箴言,箴 29:25-27,PRO,29,25,27
10月17日,耶利米書 33,舊約,耶 33,JER,33,1,
10月17日,耶利米書 34,舊約,耶 34,JER,34,1,
10月17日,希伯來書 2:26-30,新約,希 2:26-30,HEB,2,26,30
10月17日,詩篇 119:24-30,詩篇,詩 119:24-30,PSA,119,24,30
10月17日,箴言 29:28-30,箴言,箴 29:28-30,PRO,29,28,30
10月18日,耶利米書 35,舊約,耶 35,JER,35,1,
10月18日,耶利米書 36,舊約,耶 36,JER,36,1,
10月18日,希伯來書 3:18-30,新約,希 3:18-30,HEB,3,18,30
10月18日,詩篇 120:6-17,詩篇,詩 120:6-17,PSA,120,6,17
10月18日,箴言 30:1-3,箴言,箴 30:1-3,PRO,30,1,3
10月19日,耶利米書 37,舊約,耶 37,JER,37,1,
10月19日,耶利米書 38,舊約,耶 38,JER,38,1,
10月19日,希伯來書 4:9-30,新約,希 4:9-30,HEB,4,9,30
10月19日,詩篇 120:18-30,詩篇,詩 120:18-30,PSA,120,18,30
10月19日,箴言 30:4-6,箴言,箴 30:4-6,PRO,30,4,6
10月20日,耶利米書 39,舊約,耶 39,JER,39,1,
10月20日,耶利米書 40,舊約,耶 40,JER,40,1,
10月20日,希伯來書 5:1-21,新約,希 5:1-21,HEB,5,1,21
10月20日,詩篇 121:1-12,詩篇,詩 121:1-12,PSA,121,1,12
10月20日,箴言 30:7-9,箴言,箴 30:7-9,PRO,30,7,9
10月21日,耶利米書 41,舊約,耶 41,JER,41,1,
10月21日,耶利米書 42,舊約,耶 42,JER,42,1,
10月21日,希伯來書 5:22-30,新約,希 5:22-30,HEB,5,22,30
10月21日,詩篇 121:13-24,詩篇,詩 121:13-24,PSA,121,13,24
10月21日,箴言 30:10-12,箴言,箴 30:10-12,PRO,30,10,12
10月22日,耶利米書 43,舊約,耶 43,JER,43,1,
10月22日,耶利米書 44,舊約,耶 44,JER,44,1,
10月22日,希伯來書 6:13-30,新約,希 6:13-30,HEB,6,13,30
10月22日,詩篇 121:25-30,詩篇,詩 121:25-30,PSA,121,25,30
10月22日,箴言 30:13-15,箴言,箴 30:13-15,PRO,30,13,15
10月23日,耶利米書 45,舊約,耶 45,JER,45,1,
10月23日,耶利米書 46,舊約,耶 46,JER,46,1,
10月23日,希伯來書 7:5-25,新約,希 7:5-25,HEB,7,5,25
10月23日,詩篇 122:7-19,詩篇,詩 122:7-19,PSA,122,7,19
10月23日,箴言 30:16-18,箴言,箴 30:16-18,PRO,30,16,18
10月24日,耶利米書 47,舊約,耶 47,JER,47,1,
10月24日,耶利米書 48,舊約,耶 48,JER,48,1,
10月24日,希伯來書 7:26-30,新約,希 7:26-30,HEB,7,26,30
10月24日,詩篇 122:20-30,詩篇,詩 122:20-30,PSA,122,20,30
10月24日,箴言 30:19-21,箴言,箴 30:19-21,PRO,30,19,21
10月25日,耶利米書 49,舊約,耶 49,JER,49,1,
10月25日,耶利米書 50,舊約,耶 50,JER,50,1,
10月25日,希伯來書 8:17-30,新約,希 8:17-30,HEB,8,17,30
10月25日,詩篇 123:2-13,詩篇,詩 123:2-13,PSA,123,2,13
10月25日,箴言 30:22-24,箴言,箴 30:22-24,PRO,30,22,24
10月26日,耶利米書 51,舊約,耶 51,JER,51,1,
10月26日,耶利米書 52,舊約,耶 52,JER,52,1,
10月26日,希伯來書 9:9-29,新約,希 9:9-29,HEB,9,9,29
10月26日,詩篇 123:14-26,詩篇,詩 123:14-26,PSA,123,14,26
10月26日,箴言 30:25-27,箴言,箴 30:25-27,PRO,30,25,27
10月27日,耶利米哀歌 1,舊約,哀 1,LAM,1,1,
10月27日,耶利米哀歌 2,舊約,哀 2,LAM,2,1,
10月27日,希伯來書 9:30-30,新約,希 9:30-30,HEB,9,30,30
10月27日,詩篇 123:27-30,詩篇,詩 123:27-30,PSA,123,27,30
10月27日,箴言 30:28-30,箴言,箴 30:28-30,PRO,30,28,30
10月28日,耶利米哀歌 3,舊約,哀 3,LAM,3,1,
10月28日,耶利米哀歌 4,舊約,哀 4,LAM,4,1,
10月28日,希伯來書 10:21-30,新約,希 10:21-30,HEB,10,21,30
10月28日,詩篇 124:9-20,詩篇,詩 124:9-20,PSA,124,9,20
10月28日,箴言 31:1-3,箴言,箴 31:1-3,PRO,31,1,3
10月29日,耶利米哀歌 5,舊約,哀 5,LAM,5,1,
10月29日,以西結書 1,舊約,結 1,EZK,1,1,
10月29日,希伯來書 11:13-30,新約,希 11:13-30,HEB,11,13,30
10月29日,詩篇 124:21-30,詩篇,詩 124:21-30,PSA,124,21,30
10月29日,箴言 31:4-6,箴言,箴 31:4-6,PRO,31,4,6
10月30日,以西結書 2,舊約,結 2,EZK,2,1,
10月30日,以西結書 3,舊約,結 3,EZK,3,1,
10月30日,希伯來書 12:4-25,新約,希 12:4-25,HEB,12,4,25
10月30日,詩篇 125:4-15,詩篇,詩 125:4-15,PSA,125,4,15
10月30日,箴言 31:7-9,箴言,箴 31:7-9,PRO,31,7,9
10月31日,以西結書 4,舊約,結 4,EZK,4,1,
10月31日,以西結書 5,舊約,結 5,EZK,5,1,
10月31日,希伯來書 12:26-30,新約,希 12:26-30,HEB,12,26,30
10月31日,詩篇 125:16-27,詩篇,詩 125:16-27,PSA,125,16,27
10月31日,箴言 31:10-12,箴言,箴 31:10-12,PRO,31,10,12
11月1日,以西結書 6,舊約,結 6,EZK,6,1,
11月1日,以西結書 7,舊約,結 7,EZK,7,1,
11月1日,希伯來書 13:17-30,新約,希 13:17-30,HEB,13,17,30
11月1日,詩篇 125:28-30,詩篇,詩 125:28-30,PSA,125,28,30
11月1日,箴言 31:13-15,箴言,箴 31:13-15,PRO,31,13,15
11月2日,以西結書 8,舊約,結 8,EZK,8,1,
11月2日,以西結書 9,舊約,結 9,EZK,9,1,
11月2日,雅各書 1:8-29,新約,雅 1:8-29,JAS,1,8,29
11月2日,詩篇 126:11-22,詩篇,詩 126:11-22,PSA,126,11,22
11月2日,箴言 31:16-18,箴言,箴 31:16-18,PRO,31,16,18
11月3日,以西結書 10,舊約,結 10,EZK,10,1,
11月3日,以西結書 11,舊約,結 11,EZK,11,1,
11月3日,雅各書 1:30-30,新約,雅 1:30-30,JAS,1,30,30
11月3日,詩篇 126:23-30,詩篇,詩 126:23-30,PSA,126,23,30
11月3日,箴言 31:19-21,箴言,箴 31:19-21,PRO,31,19,21
11月4日,以西結書 12,舊約,結 12,EZK,12,1,
11月4日,以西結書 13,舊約,結 13,EZK,13,1,
11月4日,雅各書 2:21-30,新約,雅 2:21-30,JAS,2,21,30
11月4日,詩篇 127:5-17,詩篇,詩 127:5-17,PSA,127,5,17
11月4日,箴言 31:22-24,箴言,箴 31:22-24,PRO,31,22,24
11月5日,以西結書 14,舊約,結 14,EZK,14,1,
11月5日,以西結書 15,舊約,結 15,EZK,15,1,
11月5日,雅各書 3:12-30,新約,雅 3:12-30,JAS,3,12,30
11月5日,詩篇 127:18-29,詩篇,詩 127:18-29,PSA,127,18,29
11月5日,箴言 31:25-27,箴言,箴 31:25-27,PRO,31,25,27
11月6日,以西結書 16,舊約,結 16,EZK,16,1,
11月6日,以西結書 17,舊約,結 17,EZK,17,1,
11月6日,雅各書 4:4-24,新約,雅 4:4-24,JAS,4,4,24
11月6日,詩篇 127:30-30,詩篇,詩 127:30-30,PSA,127,30,30
11月6日,箴言 31:28-30,箴言,箴 31:28-30,PRO,31,28,30
11月7日,以西結書 18,舊約,結 18,EZK,18,1,
11月7日,以西結書 19,舊約,結 19,EZK,19,1,
11月7日,雅各書 4:25-30,新約,雅 4:25-30,JAS,4,25,30
11月7日,詩篇 128:12-24,詩篇,詩 128:12-24,PSA,128,12,24
11月7日,箴言 1:1-3,箴言,箴 1:1-3,PRO,1,1,3
11月8日,以西結書 20,舊約,結 20,EZK,20,1,
11月8日,以西結書 21,舊約,結 21,EZK,21,1,
11月8日,雅各書 5:17-30,新約,雅 5:17-30,JAS,5,17,30
11月8日,詩篇 128:25-30,詩篇,詩 128:25-30,PSA,128,25,30
11月8日,箴言 1:4-6,箴言,箴 1:4-6,PRO,1,4,6
11月9日,以西結書 22,舊約,結 22,EZK,22,1,
11月9日,以西結書 23,舊約,結 23,EZK,23,1,
11月9日,彼得前書 1:8-28,新約,彼前 1:8-28,1PE,1,8,28
11月9日,詩篇 129:7-18,詩篇,詩 129:7-18,PSA,129,7,18
11月9日,箴言 1:7-9,箴言,箴 1:7-9,PRO,1,7,9
11月10日,以西結書 24,舊約,結 24,EZK,24,1,
11月10日,以西結書 25,舊約,結 25,EZK,25,1,
11月10日,彼得前書 1:29-30,新約,彼前 1:29-30,1PE,1,29,30
11月10日,詩篇 129:19-30,詩篇,詩 129:19-30,PSA,129,19,30
11月10日,箴言 1:10-12,箴言,箴 1:10-12,PRO,1,10,12
11月11日,以西結書 26,舊約,結 26,EZK,26,1,
11月11日,以西結書 27,舊約,結 27,EZK,27,1,
11月11日,彼得前書 2:21-30,新約,彼前 2:21-30,1PE,2,21,30
11月11日,詩篇 130:2-13,詩篇,詩 130:2-13,PSA,130,2,13
11月11日,箴言 1:13-15,箴言,箴 1:13-15,PRO,1,13,15
11月12日,以西結書 28,舊約,結 28,EZK,28,1,
11月12日,以西結書 29,舊約,結 29,EZK,29,1,
11月12日,彼得前書 3:12-30,新約,彼前 3:12-30,1PE,3,12,30
11月12日,詩篇 130:14-25,詩篇,詩 130:14-25,PSA,130,14,25
11月12日,箴言 1:16-18,箴言,箴 1:16-18,PRO,1,16,18
11月13日,以西結書 30,舊約,結 30,EZK,30,1,
11月13日,以西結書 31,舊約,結 31,EZK,31,1,
11月13日,彼得前書 4:3-24,新約,彼前 4:3-24,1PE,4,3,24
11月13日,詩篇 130:26-30,詩篇,詩 130:26-30,PSA,130,26,30
11月13日,箴言 1:19-21,箴言,箴 1:19-21,PRO,1,19,21
11月14日,以西結書 32,舊約,結 32,EZK,32,1,
11月14日,以西結書 33,舊約,結 33,EZK,33,1,
11月14日,彼得前書 4:25-30,新約,彼前 4:25-30,1PE,4,25,30
11月14日,詩篇 131:9-20,詩篇,詩 131:9-20,PSA,131,9,20
11月14日,箴言 1:22-24,箴言,箴 1:22-24,PRO,1,22,24
11月15日,以西結書 34,舊約,結 34,EZK,34,1,
11月15日,以西結書 35,舊約,結 35,EZK,35,1,
11月15日,彼得前書 5:16-30,新約,彼前 5:16-30,1PE,5,16,30
11月15日,詩篇 131:21-30,詩篇,詩 131:21-30,PSA,131,21,30
11月15日,箴言 1:25-27,箴言,箴 1:25-27,PRO,1,25,27
11月16日,以西結書 36,舊約,結 36,EZK,36,1,
11月16日,以西結書 37,舊約,結 37,EZK,37,1,
11月16日,彼得後書 1:7-28,新約,彼後 1:7-28,2PE,1,7,28
11月16日,詩篇 132:3-15,詩篇,詩 132:3-15,PSA,132,3,15
11月16日,箴言 1:28-30,箴言,箴 1:28-30,PRO,1,28,30
11月17日,以西結書 38,舊約,結 38,EZK,38,1,
11月17日,以西結書 39,舊約,結 39,EZK,39,1,
11月17日,彼得後書 1:29-30,新約,彼後 1:29-30,2PE,1,29,30
11月17日,詩篇 132:16-27,詩篇,詩 132:16-27,PSA,132,16,27
11月17日,箴言 2:1-3,箴言,箴 2:1-3,PRO,2,1,3
11月18日,以西結書 40,舊約,結 40,EZK,40,1,
11月18日,以西結書 41,舊約,結 41,EZK,41,1,
11月18日,彼得後書 2:20-30,新約,彼後 2:20-30,2PE,2,20,30
11月18日,詩篇 132:28-30,詩篇,詩 132:28-30,PSA,132,28,30
11月18日,箴言 2:4-6,箴言,箴 2:4-6,PRO,2,4,6
11月19日,以西結書 42,舊約,結 42,EZK,42,1,
11月19日,以西結書 43,舊約,結 43,EZK,43,1,
11月19日,彼得後書 3:12-30,新約,彼後 3:12-30,2PE,3,12,30
11月19日,詩篇 133:10-22,詩篇,詩 133:10-22,PSA,133,10,22
11月19日,箴言 2:7-9,箴言,箴 2:7-9,PRO,2,7,9
11月20日,以西結書 44,舊約,結 44,EZK,44,1,
11月20日,以西結書 45,舊約,結 45,EZK,45,1,
11月20日,約翰一書 1:3-23,新約,約一 1:3-23,1JN,1,3,23
11月20日,詩篇 133:23-30,詩篇,詩 133:23-30,PSA,133,23,30
11月20日,箴言 2:10-12,箴言,箴 2:10-12,PRO,2,10,12
11月21日,以西結書 46,舊約,結 46,EZK,46,1,
11月21日,以西結書 47,舊約,結 47,EZK,47,1,
11月21日,約翰一書 1:24-30,新約,約一 1:24-30,1JN,1,24,30
11月21日,詩篇 134:5-16,詩篇,詩 134:5-16,PSA,134,5,16
11月21日,箴言 2:13-15,箴言,箴 2:13-15,PRO,2,13,15
11月22日,以西結書 48,舊約,結 48,EZK,48,1,
11月22日,但以理書 1,舊約,但 1,DAN,1,1,
11月22日,約翰一書 2:16-30,新約,約一 2:16-30,1JN,2,16,30
11月22日,詩篇 134:17-29,詩篇,詩 134:17-29,PSA,134,17,29
11月22日,箴言 2:16-18,箴言,箴 2:16-18,PRO,2,16,18
11月23日,但以理書 2,舊約,但 2,DAN,2,1,
11月23日,但以理書 3,舊約,但 3,DAN,3,1,
11月23日,約翰一書 3:7-27,新約,約一 3:7-27,1JN,3,7,27
11月23日,詩篇 134:30-30,詩篇,詩 134:30-30,PSA,134,30,30
11月23日,箴言 2:19-21,箴言,箴 2:19-21,PRO,2,19,21
11月24日,但以理書 4,舊約,但 4,DAN,4,1,
11月24日,但以理書 5,舊約,但 5,DAN,5,1,
11月24日,約翰一書 3:28-30,新約,約一 3:28-30,1JN,3,28,30
11月24日,詩篇 135:12-23,詩篇,詩 135:12-23,PSA,135,12,23
11月24日,箴言 2:22-24,箴言,箴 2:22-24,PRO,2,22,24
11月25日,但以理書 6,舊約,但 6,DAN,6,1,
11月25日,但以理書 7,舊約,但 7,DAN,7,1,
11月25日,約翰一書 4:20-30,新約,約一 4:20-30,1JN,4,20,30
11月25日,詩篇 135:24-30,詩篇,詩 135:24-30,PSA,135,24,30
11月25日,箴言 2:25-27,箴言,箴 2:25-27,PRO,2,25,27
11月26日,但以理書 8,舊約,但 8,DAN,8,1,
11月26日,但以理書 9,舊約,但 9,DAN,9,1,
11月26日,約翰一書 5:11-30,新約,約一 5:11-30,1JN,5,11,30
11月26日,詩篇 136:7-18,詩篇,詩 136:7-18,PSA,136,7,18
11月26日,箴言 2:28-30,箴言,箴 2:28-30,PRO,2,28,30
11月27日,但以理書 10,舊約,但 10,DAN,10,1,
11月27日,但以理書 11,舊約,但 11,DAN,11,1,
11月27日,約翰二書 1:3-23,新約,約二 1:3-23,2JN,1,3,23
11月27日,詩篇 136:19-30,詩篇,詩 136:19-30,PSA,136,19,30
11月27日,箴言 3:1-3,箴言,箴 3:1-3,PRO,3,1,3
11月28日,但以理書 12,舊約,但 12,DAN,12,1,
11月28日,何西阿書 1,舊約,何 1,HOS,1,1,
11月28日,約翰二書 1:24-30,新約,約二 1:24-30,2JN,1,24,30
11月28日,詩篇 137:1-13,詩篇,詩 137:1-13,PSA,137,1,13
11月28日,箴言 3:4-6,箴言,箴 3:4-6,PRO,3,4,6
11月29日,何西阿書 2,舊約,何 2,HOS,2,1,
11月29日,何西阿書 3,舊約,何 3,HOS,3,1,
11月29日,約翰三書 1:15-30,新約,約三 1:15-30,3JN,1,15,30
11月29日,詩篇 137:14-25,詩篇,詩 137:14-25,PSA,137,14,25
11月29日,箴言 3:7-9,箴言,箴 3:7-9,PRO,3,7,9
11月30日,何西阿書 4,舊約,何 4,HOS,4,1,
11月30日,何西阿書 5,舊約,何 5,HOS,5,1,
11月30日,猶大書 1:7-27,新約,猶 1:7-27,JUD,1,7,27
11月30日,詩篇 137:26-30,詩篇,詩 137:26-30,PSA,137,26,30
11月30日,箴言 3:10-12,箴言,箴 3:10-12,PRO,3,10,12
12月1日,何西阿書 6,舊約,何 6,HOS,6,1,
12月1日,何西阿書 7,舊約,何 7,HOS,7,1,
12月1日,猶大書 1:28-30,新約,猶 1:28-30,JUD,1,28,30
12月1日,詩篇 138:8-20,詩篇,詩 138:8-20,PSA,138,8,20
12月1日,箴言 3:13-15,箴言,箴 3:13-15,PRO,3,13,15
12月2日,何西阿書 8,舊約,何 8,HOS,8,1,
12月2日,何西阿書 9,舊約,何 9,HOS,9,1,
12月2日,啟示錄 1:19-30,新約,啟 1:19-30,REV,1,19,30
12月2日,詩篇 138:21-30,詩篇,詩 138:21-30,PSA,138,21,30
12月2日,箴言 3:16-18,箴言,箴 3:16-18,PRO,3,16,18
12月3日,何西阿書 10,舊約,何 10,HOS,10,1,
12月3日,何西阿書 11,舊約,何 11,HOS,11,1,
12月3日,啟示錄 2:11-30,新約,啟 2:11-30,REV,2,11,30
12月3日,詩篇 139:3-14,詩篇,詩 139:3-14,PSA,139,3,14
12月3日,箴言 3:19-21,箴言,箴 3:19-21,PRO,3,19,21
12月4日,何西阿書 12,舊約,何 12,HOS,12,1,
12月4日,何西阿書 13,舊約,何 13,HOS,13,1,
12月4日,啟示錄 3:2-23,新約,啟 3:2-23,REV,3,2,23
12月4日,詩篇 139:15-27,詩篇,詩 139:15-27,PSA,139,15,27
12月4日,箴言 3:22-24,箴言,箴 3:22-24,PRO,3,22,24
12月5日,何西阿書 14,舊約,何 14,HOS,14,1,
12月5日,約珥書 1,舊約,珥 1,JOE,1,1,
12月5日,啟示錄 3:24-30,新約,啟 3:24-30,REV,3,24,30
12月5日,詩篇 139:28-30,詩篇,詩 139:28-30,PSA,139,28,30
12月5日,箴言 3:25-27,箴言,箴 3:25-27,PRO,3,25,27
12月6日,約珥書 2,舊約,珥 2,JOE,2,1,
12月6日,約珥書 3,舊約,珥 3,JOE,3,1,
12月6日,啟示錄 4:15-30,新約,啟 4:15-30,REV,4,15,30
12月6日,詩篇 140:10-21,詩篇,詩 140:10-21,PSA,140,10,21
12月6日,箴言 3:28-30,箴言,箴 3:28-30,PRO,3,28,30
12月7日,阿摩司書 1,舊約,摩 1,AMO,1,1,
12月7日,阿摩司書 2,舊約,摩 2,AMO,2,1,
12月7日,啟示錄 5:6-27,新約,啟 5:6-27,REV,5,6,27
12月7日,詩篇 140:22-30,詩篇,詩 140:22-30,PSA,140,22,30
12月7日,箴言 4:1-3,箴言,箴 4:1-3,PRO,4,1,3
12月8日,阿摩司書 3,舊約,摩 3,AMO,3,1,
12月8日,阿摩司書 4,舊約,摩 4,AMO,4,1,
12月8日,啟示錄 5:28-30,新約,啟 5:28-30,REV,5,28,30
12月8日,詩篇 141:5-16,詩篇,詩 141:5-16,PSA,141,5,16
12月8日,箴言 4:4-6,箴言,箴 4:4-6,PRO,4,4,6
12月9日,阿摩司書 5,舊約,摩 5,AMO,5,1,
12月9日,阿摩司書 6,舊約,摩 6,AMO,6,1,
12月9日,啟示錄 6:19-30,新約,啟 6:19-30,REV,6,19,30
12月9日,詩篇 141:17-28,詩篇,詩 141:17-28,PSA,141,17,28
12月9日,箴言 4:7-9,箴言,箴 4:7-9,PRO,4,7,9
12月10日,阿摩司書 7,舊約,摩 7,AMO,7,1,
12月10日,阿摩司書 8,舊約,摩 8,AMO,8,1,
12月10日,啟示錄 7:10-30,新約,啟 7:10-30,REV,7,10,30
12月10日,詩篇 141:29-30,詩篇,詩 141:29-30,PSA,141,29,30
12月10日,箴言 4:10-12,箴言,箴 4:10-12,PRO,4,10,12
12月11日,阿摩司書 9,舊約,摩 9,AMO,9,1,
12月11日,俄巴底亞書 1,舊約,俄 1,ОВА,1,1,
12月11日,啟示錄 8:2-22,新約,啟 8:2-22,REV,8,2,22
12月11日,詩篇 142:12-23,詩篇,詩 142:12-23,PSA,142,12,23
12月11日,箴言 4:13-15,箴言,箴 4:13-15,PRO,4,13,15
12月12日,約拿書 1,舊約,拿 1,JON,1,1,
12月12日,約拿書 2,舊約,拿 2,JON,2,1,
12月12日,啟示錄 8:23-30,新約,啟 8:23-30,REV,8,23,30
12月12日,詩篇 142:24-30,詩篇,詩 142:24-30,PSA,142,24,30
12月12日,箴言 4:16-18,箴言,箴 4:16-18,PRO,4,16,18
12月13日,約拿書 3,舊約,拿 3,JON,3,1,
12月13日,約拿書 4,舊約,拿 4,JON,4,1,
12月13日,啟示錄 9:14-30,新約,啟 9:14-30,REV,9,14,30
12月13日,詩篇 143:6-18,詩篇,詩 143:6-18,PSA,143,6,18
12月13日,箴言 4:19-21,箴言,箴 4:19-21,PRO,4,19,21
12月14日,彌迦書 1,舊約,彌 1,MIC,1,1,
12月14日,彌迦書 2,舊約,彌 2,MIC,2,1,
12月14日,啟示錄 10:6-26,新約,啟 10:6-26,REV,10,6,26
12月14日,詩篇 143:19-30,詩篇,詩 143:19-30,PSA,143,19,30
12月14日,箴言 4:22-24,箴言,箴 4:22-24,PRO,4,22,24
12月15日,彌迦書 3,舊約,彌 3,MIC,3,1,
12月15日,彌迦書 4,舊約,彌 4,MIC,4,1,
12月15日,啟示錄 10:27-30,新約,啟 10:27-30,REV,10,27,30
12月15日,詩篇 144:1-12,詩篇,詩 144:1-12,PSA,144,1,12
12月15日,箴言 4:25-27,箴言,箴 4:25-27,PRO,4,25,27
12月16日,彌迦書 5,舊約,彌 5,MIC,5,1,
12月16日,彌迦書 6,舊約,彌 6,MIC,6,1,
12月16日,啟示錄 11:19-30,新約,啟 11:19-30,REV,11,19,30
12月16日,詩篇 144:13-25,詩篇,詩 144:13-25,PSA,144,13,25
12月16日,箴言 4:28-30,箴言,箴 4:28-30,PRO,4,28,30
12月17日,彌迦書 7,舊約,彌 7,MIC,7,1,
12月17日,那鴻書 1,舊約,鴻 1,NAM,1,1,
12月17日,啟示錄 12:10-30,新約,啟 12:10-30,REV,12,10,30
12月17日,詩篇 144:26-30,詩篇,詩 144:26-30,PSA,144,26,30
12月17日,箴言 5:1-3,箴言,箴 5:1-3,PRO,5,1,3
12月18日,那鴻書 2,舊約,鴻 2,NAM,2,1,
12月18日,那鴻書 3,舊約,鴻 3,NAM,3,1,
12月18日,啟示錄 13:1-22,新約,啟 13:1-22,REV,13,1,22
12月18日,詩篇 145:8-19,詩篇,詩 145:8-19,PSA,145,8,19
12月18日,箴言 5:4-6,箴言,箴 5:4-6,PRO,5,4,6
12月19日,哈巴谷書 1,舊約,哈 1,HAB,1,1,
12月19日,哈巴谷書 2,舊約,哈 2,HAB,2,1,
12月19日,啟示錄 13:23-30,新約,啟 13:23-30,REV,13,23,30
12月19日,詩篇 145:20-30,詩篇,詩 145:20-30,PSA,145,20,30
12月19日,箴言 5:7-9,箴言,箴 5:7-9,PRO,5,7,9
12月20日,哈巴谷書 3,舊約,哈 3,HAB,3,1,
12月20日,西番雅書 1,舊約,番 1,ZEP,1,1,
12月20日,啟示錄 14:14-30,新約,啟 14:14-30,REV,14,14,30
12月20日,詩篇 146:3-14,詩篇,詩 146:3-14,PSA,146,3,14
12月20日,箴言 5:10-12,箴言,箴 5:10-12,PRO,5,10,12
12月21日,西番雅書 2,舊約,番 2,ZEP,2,1,
12月21日,西番雅書 3,舊約,番 3,ZEP,3,1,
12月21日,啟示錄 15:5-26,新約,啟 15:5-26,REV,15,5,26
12月21日,詩篇 146:15-26,詩篇,詩 146:15-26,PSA,146,15,26
12月21日,箴言 5:13-15,箴言,箴 5:13-15,PRO,5,13,15
12月22日,哈該書 1,舊約,該 1,HAG,1,1,
12月22日,哈該書 2,舊約,該 2,HAG,2,1,
12月22日,啟示錄 15:27-30,新約,啟 15:27-30,REV,15,27,30
12月22日,詩篇 146:27-30,詩篇,詩 146:27-30,PSA,146,27,30
12月22日,箴言 5:16-18,箴言,箴 5:16-18,PRO,5,16,18
12月23日,撒迦利亞書 1,舊約,撒 1,ZEC,1,1,
12月23日,撒迦利亞書 2,舊約,撒 2,ZEC,2,1,
12月23日,啟示錄 16:18-30,新約,啟 16:18-30,REV,16,18,30
12月23日,詩篇 147:10-21,詩篇,詩 147:10-21,PSA,147,10,21
12月23日,箴言 5:19-21,箴言,箴 5:19-21,PRO,5,19,21
12月24日,撒迦利亞書 3,舊約,撒 3,ZEC,3,1,
12月24日,撒迦利亞書 4,舊約,撒 4,ZEC,4,1,
12月24日,啟示錄 17:10-30,新約,啟 17:10-30,REV,17,10,30
12月24日,詩篇 147:22-30,詩篇,詩 147:22-30,PSA,147,22,30
12月24日,箴言 5:22-24,箴言,箴 5:22-24,PRO,5,22,24
12月25日,撒迦利亞書 5,舊約,撒 5,ZEC,5,1,
12月25日,撒迦利亞書 6,舊約,撒 6,ZEC,6,1,
12月25日,啟示錄 18:1-21,新約,啟 18:1-21,REV,18,1,21
12月25日,詩篇 148:4-16,詩篇,詩 148:4-16,PSA,148,4,16
12月25日,箴言 5:25-27,箴言,箴 5:25-27,PRO,5,25,27
12月26日,撒迦利亞書 7,舊約,撒 7,ZEC,7,1,
12月26日,撒迦利亞書 8,舊約,撒 8,ZEC,8,1,
12月26日,啟示錄 18:22-30,新約,啟 18:22-30,REV,18,22,30
12月26日,詩篇 148:17-28,詩篇,詩 148:17-28,PSA,148,17,28
12月26日,箴言 5:28-30,箴言,箴 5:28-30,PRO,5,28,30
12月27日,撒迦利亞書 9,舊約,撒 9,ZEC,9,1,
12月27日,撒迦利亞書 10,舊約,撒 10,ZEC,10,1,
12月27日,啟示錄 19:14-30,新約,啟 19:14-30,REV,19,14,30
12月27日,詩篇 148:29-30,詩篇,詩 148:29-30,PSA,148,29,30
12月27日,箴言 6:1-3,箴言,箴 6:1-3,PRO,6,1,3
12月28日,撒迦利亞書 11,舊約,撒 11,ZEC,11,1,
12月28日,撒迦利亞書 12,舊約,撒 12,ZEC,12,1,
12月28日,啟示錄 20:5-25,新約,啟 20:5-25,REV,20,5,25
12月28日,詩篇 149:11-23,詩篇,詩 149:11-23,PSA,149,11,23
12月28日,箴言 6:4-6,箴言,箴 6:4-6,PRO,6,4,6
12月29日,撒迦利亞書 13,舊約,撒 13,ZEC,13,1,
12月29日,撒迦利亞書 14,舊約,撒 14,ZEC,14,1,
12月29日,啟示錄 20:26-30,新約,啟 20:26-30,REV,20,26,30
12月29日,詩篇 149:24-30,詩篇,詩 149:24-30,PSA,149,24,30
12月29日,箴言 6:7-9,箴言,箴 6:7-9,PRO,6,7,9
12月30日,瑪拉基書 1,舊約,瑪 1,MAL,1,1,
12月30日,瑪拉基書 2,舊約,瑪 2,MAL,2,1,
12月30日,啟示錄 21:18-30,新約,啟 21:18-30,REV,21,18,30
12月30日,詩篇 150:6-17,詩篇,詩 150:6-17,PSA,150,6,17
12月30日,箴言 6:10-12,箴言,箴 6:10-12,PRO,6,10,12
12月31日,瑪拉基書 3,舊約,瑪 3,MAL,3,1,
12月31日,瑪拉基書 4,舊約,瑪 4,MAL,4,1,
12月31日,啟示錄 22:9-30,新約,啟 22:9-30,REV,22,9,30
12月31日,詩篇 150:18-30,詩篇,詩 150:18-30,PSA,150,18,30
12月31日,箴言 6:13-15,箴言,箴 6:13-15,PRO,6,13,15
